book_id,rating
1,22806
2,21850
3,16931
4,19088
5,16604
6,11264
7,15558
8,14472
9,13451
10,13445
11,12698
12,11780
13,14693
14,14328
15,12101
16,14382
17,16549
18,15855
19,12530
20,15953
21,15258
22,11677
23,15657
24,15523
25,15304
26,13072
27,15081
28,13556
29,11578
30,12105
31,12727
32,11921
33,11304
34,7724
35,8916
36,10949
37,13089
38,9977
39,10692
40,7885
41,7606
42,10649
43,10308
44,6717
45,10175
46,10361
47,10394
48,10312
49,9712
50,8297
51,6504
52,9620
53,7040
54,9960
55,9612
56,9433
57,8383
58,9323
59,9391
60,9035
61,9090
62,8192
63,9584
64,7192
65,8179
66,7714
67,7662
68,5990
69,8263
70,8849
71,7727
72,6861
73,6313
74,4682
75,6229
76,7110
77,6039
78,4723
79,6301
80,6848
81,5847
82,4921
83,6592
84,6601
85,7002
86,5844
87,6466
88,4247
89,6102
90,6190
91,5014
92,4658
93,7626
94,5492
95,6406
96,4185
97,6615
98,7563
99,4452
100,6343
101,5199
102,6401
103,5489
104,6779
105,6300
106,5346
107,3760
108,3792
109,4750
110,6854
111,5257
112,5897
113,6944
114,5467
115,5615
116,7214
117,8109
118,6212
119,7543
120,4180
121,5274
122,6598
123,6135
124,5554
125,6899
126,5864
127,3709
128,1731
129,6307
130,6273
131,7458
132,5495
133,6536
134,4451
135,6237
136,5326
137,5297
138,7667
139,4868
140,6702
141,5408
142,5672
143,6082
144,4577
145,4405
146,5275
147,3186
148,5171
149,3512
150,5358
151,4056
152,2746
153,4415
154,6421
155,6478
156,2877
157,5249
158,6034
159,4021
160,6305
161,6331
162,4841
163,3128
164,3756
165,5705
166,3538
167,5681
168,5973
169,2471
170,4041
171,5602
172,5073
173,5076
174,3559
175,3881
176,4853
177,4679
178,5178
179,5302
180,4610
181,4467
182,3067
183,3366
184,4810
185,5154
186,4759
187,3600
188,5086
189,5316
190,3998
191,3825
192,3948
193,3428
194,4034
195,4904
196,3917
197,4409
198,5531
199,3412
200,4011
201,4213
202,2601
203,2487
204,5006
205,5764
206,2903
207,3365
208,3777
209,3480
210,3125
211,3371
212,5052
213,4463
214,3717
215,4239
216,3889
217,4606
218,2048
219,5306
220,1818
221,2834
222,3091
223,3851
224,2541
225,4576
226,3950
227,4260
228,3331
229,4722
230,4274
231,3995
232,4229
233,4459
234,2854
235,4003
236,3479
237,4118
238,3724
239,3720
240,3608
241,3646
242,2985
243,4199
244,3549
245,4295
246,2583
247,2073
248,4898
249,3519
250,2648
251,3871
252,2734
253,3413
254,2411
255,4227
256,3284
257,3298
258,3531
259,3031
260,1767
261,2545
262,3705
263,3177
264,4161
265,4460
266,2644
267,3666
268,3837
269,1782
270,4220
271,4810
272,3314
273,3346
274,2772
275,2357
276,3026
277,4015
278,3916
279,3230
280,2549
281,4067
282,3132
283,3532
284,3596
285,3244
286,1834
287,3656
288,2689
289,4753
290,2606
291,3575
292,4080
293,3959
294,2437
295,3737
296,3057
297,3532
298,3659
299,1643
300,2694
301,4377
302,1734
303,1665
304,3312
305,3748
306,3850
307,3026
308,2065
309,3140
310,2307
311,3721
312,3401
313,3363
314,2919
315,1826
316,3029
317,3067
318,3378
319,2744
320,3403
321,4000
322,3612
323,3120
324,2409
325,3868
326,3449
327,2225
328,2654
329,2488
330,2924
331,2489
332,3461
333,2836
334,1529
335,4017
336,2019
337,3270
338,2192
339,3507
340,2265
341,3715
342,2863
343,3168
344,2744
345,2963
346,3275
347,3353
348,2503
349,3387
350,2712
351,2380
352,2378
353,3414
354,3842
355,2588
356,3092
357,3273
358,3321
359,2925
360,2864
361,3421
362,2497
363,1538
364,3231
365,1965
366,1318
367,2118
368,3479
369,2123
370,2000
371,2629
372,2885
373,2889
374,2230
375,3625
376,2446
377,3250
378,2700
379,2705
380,1887
381,2592
382,1553
383,2511
384,2219
385,1535
386,3409
387,3560
388,2392
389,2626
390,2926
391,2847
392,1150
393,2051
394,2098
395,3222
396,2631
397,2121
398,2095
399,2403
400,2243
401,3204
402,2897
403,1873
404,2297
405,2704
406,590
407,3144
408,2255
409,3113
410,2878
411,1682
412,1485
413,3062
414,2962
415,1670
416,2713
417,2959
418,1925
419,2013
420,1779
421,2634
422,1915
423,2195
424,2910
425,2232
426,2999
427,2831
428,1952
429,2463
430,1938
431,2483
432,2549
433,1774
434,1506
435,1601
436,2427
437,2735
438,2507
439,1845
440,2157
441,2609
442,2050
443,1422
444,3161
445,1976
446,2024
447,2455
448,1251
449,1589
450,2431
451,2651
452,1944
453,3174
454,1889
455,1615
456,2457
457,2780
458,2556
459,2441
460,1999
461,3137
462,403
463,2472
464,1668
465,1812
466,1782
467,2553
468,2825
469,1776
470,1172
471,2725
472,1656
473,2132
474,1556
475,1885
476,3233
477,1767
478,2653
479,2189
480,3075
481,1975
482,2131
483,2343
484,1987
485,2369
486,1991
487,3004
488,2744
489,2094
490,2027
491,1545
492,2618
493,1815
494,2522
495,2463
496,2931
497,2638
498,2398
499,2082
500,1647
501,2622
502,1070
503,2253
504,1003
505,1425
506,1980
507,1144
508,1778
509,1541
510,2217
511,1704
512,2212
513,1718
514,2203
515,2643
516,2513
517,1202
518,2310
519,2208
520,1853
521,1863
522,2373
523,2278
524,386
525,1619
526,1382
527,2485
528,2096
529,2848
530,2696
531,2643
532,1047
533,2233
534,2172
535,1733
536,1785
537,1019
538,3037
539,1699
540,2480
541,1391
542,2769
543,1798
544,2483
545,2882
546,2258
547,2404
548,899
549,1821
550,1915
551,2309
552,1285
553,2470
554,2081
555,1514
556,2583
557,2233
558,2375
559,2516
560,2361
561,2587
562,1789
563,2387
564,961
565,2007
566,1957
567,2122
568,1242
569,1732
570,2229
571,1254
572,2181
573,1365
574,1774
575,2426
576,2235
577,2375
578,2352
579,1780
580,310
581,1854
582,893
583,1245
584,2311
585,882
586,1820
587,2056
588,1503
589,1328
590,2364
591,1713
592,1543
593,2143
594,1608
595,2599
596,2339
597,2236
598,1765
599,2200
600,1355
601,2174
602,2558
603,1849
604,1646
605,1318
606,2054
607,1821
608,1912
609,1903
610,1710
611,1890
612,2231
613,1949
614,1669
615,1174
616,1691
617,1635
618,2093
619,776
620,2380
621,2471
622,1303
623,1696
624,2095
625,1866
626,1865
627,1589
628,1885
629,1123
630,1152
631,2207
632,1373
633,1809
634,1215
635,1486
636,520
637,2189
638,1973
639,2170
640,2045
641,2412
642,1885
643,1400
644,1553
645,1040
646,2723
647,1060
648,1727
649,1563
650,2278
651,1731
652,2139
653,1565
654,1946
655,1813
656,1052
657,1433
658,2177
659,1124
660,2325
661,1877
662,1884
663,1347
664,1830
665,1981
666,2238
667,1110
668,2032
669,1902
670,2348
671,1267
672,1947
673,1525
674,1237
675,2344
676,1124
677,1289
678,1948
679,1826
680,639
681,2141
682,2251
683,1152
684,1562
685,1200
686,1209
687,1274
688,1919
689,1895
690,1023
691,1862
692,1438
693,2181
694,1050
695,1990
696,2263
697,2040
698,1291
699,1817
700,1298
701,1932
702,1253
703,1971
704,2448
705,2021
706,1775
707,1561
708,922
709,1521
710,1611
711,1248
712,1733
713,1356
714,2333
715,2400
716,1117
717,592
718,1960
719,877
720,699
721,1028
722,1789
723,1094
724,1996
725,1998
726,1420
727,2104
728,1300
729,1511
730,2147
731,1596
732,1423
733,2533
734,1930
735,1079
736,2004
737,1226
738,1998
739,2035
740,1897
741,1276
742,1557
743,1659
744,817
745,1327
746,1596
747,1552
748,1955
749,1576
750,1345
751,1872
752,1532
753,898
754,1666
755,1634
756,1216
757,1920
758,1487
759,1227
760,1792
761,1141
762,1278
763,1700
764,1284
765,1203
766,1543
767,1530
768,1526
769,1591
770,2075
771,1680
772,1431
773,2225
774,1568
775,948
776,410
777,913
778,1717
779,1424
780,1394
781,1727
782,1886
783,1237
784,1068
785,1274
786,1484
787,1242
788,1283
789,1579
790,920
791,1338
792,1809
793,1977
794,1621
795,1680
796,1100
797,512
798,1628
799,1531
800,972
801,1547
802,1370
803,786
804,2049
805,1134
806,1875
807,1300
808,1323
809,1494
810,666
811,1329
812,1139
813,1477
814,1196
815,1562
816,1525
817,1396
818,1829
819,1869
820,1819
821,982
822,1462
823,1428
824,1716
825,1606
826,2175
827,907
828,1454
829,1703
830,906
831,1018
832,984
833,1810
834,1286
835,614
836,1413
837,1043
838,1742
839,1904
840,1847
841,1149
842,1276
843,574
844,1158
845,332
846,1404
847,1451
848,1705
849,936
850,1555
851,1701
852,1172
853,1334
854,1072
855,1871
856,1534
857,1565
858,1474
859,1148
860,1730
861,1190
862,1373
863,1291
864,1472
865,1806
866,1459
867,1368
868,1714
869,1587
870,827
871,1780
872,1415
873,1409
874,1057
875,1248
876,1553
877,1539
878,621
879,1764
880,1123
881,1320
882,1457
883,1755
884,1301
885,1755
886,1286
887,1623
888,1383
889,1185
890,1469
891,1562
892,969
893,729
894,1500
895,1426
896,1333
897,1247
898,1735
899,1658
900,797
901,1445
902,1084
903,1394
904,955
905,1394
906,1566
907,830
908,1322
909,1174
910,1252
911,1720
912,1405
913,884
914,1199
915,1741
916,1684
917,1258
918,1250
919,2003
920,973
921,994
922,924
923,1257
924,1552
925,1508
926,1316
927,749
928,1256
929,1463
930,1673
931,924
932,683
933,1366
934,1501
935,1619
936,1633
937,1568
938,1014
939,1258
940,1362
941,1647
942,1115
943,1346
944,1575
945,978
946,990
947,1023
948,1729
949,1482
950,888
951,1060
952,1004
953,1655
954,372
955,1113
956,861
957,1109
958,1247
959,1705
960,1348
961,1379
962,1131
963,1418
964,1400
965,972
966,1479
967,1681
968,635
969,963
970,1311
971,1038
972,1491
973,1055
974,1232
975,1274
976,1102
977,1496
978,1430
979,1296
980,1170
981,1127
982,1662
983,1053
984,1632
985,855
986,1608
987,942
988,1212
989,1180
990,278
991,1145
992,932
993,1348
994,1414
995,1015
996,1334
997,1315
998,1307
999,1348
1000,1239
1001,1327
1002,1073
1003,1483
1004,925
1005,1378
1006,632
1007,899
1008,964
1009,1383
1010,1249
1011,1493
1012,1239
1013,627
1014,1513
1015,1051
1016,784
1017,1059
1018,1289
1019,1231
1020,1170
1021,1183
1022,1293
1023,1456
1024,1283
1025,701
1026,1250
1027,1179
1028,1308
1029,745
1030,1361
1031,1137
1032,1055
1033,1285
1034,1406
1035,407
1036,736
1037,1380
1038,1216
1039,1375
1040,1209
1041,983
1042,1427
1043,487
1044,1052
1045,848
1046,1037
1047,632
1048,1142
1049,1256
1050,1079
1051,1218
1052,1058
1053,1572
1054,1256
1055,1281
1056,1016
1057,1393
1058,964
1059,875
1060,1129
1061,1649
1062,1091
1063,1048
1064,1178
1065,1388
1066,792
1067,1277
1068,1102
1069,853
1070,1107
1071,1128
1072,796
1073,1335
1074,1184
1075,1752
1076,1280
1077,860
1078,481
1079,1067
1080,685
1081,1130
1082,887
1083,1097
1084,1315
1085,412
1086,1201
1087,1065
1088,1258
1089,1336
1090,1012
1091,1017
1092,1134
1093,934
1094,1638
1095,889
1096,1242
1097,564
1098,848
1099,925
1100,880
1101,1084
1102,907
1103,766
1104,683
1105,1293
1106,793
1107,962
1108,1447
1109,361
1110,1073
1111,616
1112,1209
1113,736
1114,937
1115,653
1116,391
1117,1414
1118,1161
1119,1381
1120,1548
1121,1038
1122,813
1123,1535
1124,985
1125,338
1126,587
1127,1316
1128,1271
1129,125
1130,1008
1131,1319
1132,1066
1133,1694
1134,606
1135,1313
1136,1267
1137,1118
1138,998
1139,1616
1140,880
1141,315
1142,1184
1143,866
1144,1216
1145,1280
1146,457
1147,1028
1148,730
1149,1054
1150,1083
1151,1211
1152,874
1153,1055
1154,766
1155,1216
1156,1041
1157,589
1158,1329
1159,1237
1160,1128
1161,1332
1162,657
1163,1154
1164,1109
1165,873
1166,438
1167,1307
1168,1166
1169,1046
1170,813
1171,1056
1172,1049
1173,1094
1174,1105
1175,947
1176,1257
1177,751
1178,1435
1179,1138
1180,511
1181,1201
1182,1036
1183,238
1184,1201
1185,1357
1186,1527
1187,1093
1188,510
1189,353
1190,1136
1191,1065
1192,827
1193,783
1194,406
1195,1222
1196,1445
1197,642
1198,1012
1199,914
1200,1195
1201,1384
1202,1483
1203,817
1204,1189
1205,850
1206,644
1207,1346
1208,1474
1209,712
1210,1326
1211,1193
1212,1035
1213,1237
1214,1369
1215,720
1216,1019
1217,1296
1218,658
1219,817
1220,1187
1221,1020
1222,1314
1223,1150
1224,696
1225,1101
1226,1179
1227,811
1228,1245
1229,967
1230,970
1231,1136
1232,1170
1233,1022
1234,1084
1235,777
1236,917
1237,1087
1238,1002
1239,774
1240,640
1241,577
1242,1066
1243,842
1244,671
1245,1276
1246,1142
1247,1083
1248,1507
1249,1293
1250,818
1251,724
1252,1118
1253,1089
1254,954
1255,1103
1256,1089
1257,954
1258,1098
1259,913
1260,950
1261,1452
1262,1171
1263,891
1264,1078
1265,1002
1266,961
1267,1138
1268,784
1269,1023
1270,685
1271,930
1272,1382
1273,989
1274,1076
1275,1031
1276,711
1277,581
1278,1162
1279,861
1280,1206
1281,964
1282,752
1283,857
1284,572
1285,673
1286,954
1287,897
1288,1259
1289,1072
1290,1100
1291,982
1292,1046
1293,936
1294,757
1295,899
1296,1117
1297,629
1298,835
1299,1047
1300,927
1301,1120
1302,847
1303,811
1304,1187
1305,1117
1306,979
1307,675
1308,933
1309,558
1310,1048
1311,1207
1312,997
1313,732
1314,822
1315,725
1316,1266
1317,1072
1318,608
1319,1130
1320,1003
1321,400
1322,1052
1323,947
1324,800
1325,975
1326,1000
1327,1026
1328,713
1329,869
1330,764
1331,864
1332,1150
1333,417
1334,1169
1335,930
1336,951
1337,1111
1338,735
1339,1219
1340,1149
1341,1053
1342,1135
1343,1137
1344,833
1345,853
1346,896
1347,942
1348,1132
1349,502
1350,924
1351,855
1352,419
1353,1068
1354,1046
1355,246
1356,844
1357,749
1358,895
1359,881
1360,1258
1361,1008
1362,1233
1363,1136
1364,804
1365,1242
1366,950
1367,1490
1368,1177
1369,750
1370,714
1371,577
1372,387
1373,1261
1374,1006
1375,716
1376,355
1377,690
1378,935
1379,848
1380,897
1381,1227
1382,1028
1383,1038
1384,661
1385,1042
1386,973
1387,339
1388,1104
1389,795
1390,1076
1391,938
1392,790
1393,1027
1394,1133
1395,681
1396,752
1397,909
1398,1065
1399,676
1400,1022
1401,470
1402,1156
1403,885
1404,501
1405,1076
1406,826
1407,1146
1408,490
1409,283
1410,867
1411,1112
1412,797
1413,824
1414,711
1415,268
1416,882
1417,594
1418,951
1419,995
1420,624
1421,960
1422,433
1423,1286
1424,917
1425,814
1426,884
1427,938
1428,334
1429,785
1430,655
1431,1109
1432,827
1433,860
1434,1254
1435,1350
1436,852
1437,772
1438,492
1439,1034
1440,642
1441,769
1442,897
1443,322
1444,575
1445,757
1446,287
1447,1065
1448,987
1449,933
1450,1103
1451,476
1452,927
1453,719
1454,1040
1455,1006
1456,611
1457,1143
1458,1058
1459,700
1460,924
1461,758
1462,1063
1463,904
1464,812
1465,1259
1466,859
1467,809
1468,609
1469,1060
1470,583
1471,691
1472,881
1473,872
1474,965
1475,335
1476,964
1477,978
1478,992
1479,993
1480,1007
1481,1115
1482,950
1483,863
1484,880
1485,718
1486,990
1487,753
1488,873
1489,1119
1490,961
1491,857
1492,905
1493,1139
1494,602
1495,542
1496,689
1497,1179
1498,1262
1499,811
1500,717
1501,900
1502,864
1503,874
1504,563
1505,799
1506,514
1507,447
1508,797
1509,987
1510,346
1511,878
1512,522
1513,839
1514,742
1515,677
1516,554
1517,998
1518,1104
1519,914
1520,1046
1521,1025
1522,887
1523,700
1524,770
1525,1103
1526,1325
1527,491
1528,820
1529,525
1530,1197
1531,776
1532,785
1533,1052
1534,785
1535,739
1536,891
1537,848
1538,934
1539,943
1540,721
1541,679
1542,708
1543,813
1544,773
1545,1066
1546,750
1547,928
1548,943
1549,948
1550,571
1551,605
1552,1036
1553,950
1554,772
1555,1022
1556,859
1557,829
1558,531
1559,675
1560,724
1561,1045
1562,808
1563,592
1564,1056
1565,849
1566,1195
1567,994
1568,748
1569,1113
1570,922
1571,887
1572,879
1573,953
1574,960
1575,578
1576,984
1577,640
1578,887
1579,549
1580,972
1581,1069
1582,926
1583,649
1584,1128
1585,770
1586,816
1587,819
1588,1063
1589,998
1590,1052
1591,868
1592,994
1593,780
1594,593
1595,357
1596,704
1597,809
1598,982
1599,684
1600,845
1601,488
1602,1043
1603,984
1604,410
1605,1067
1606,1023
1607,781
1608,545
1609,233
1610,872
1611,601
1612,574
1613,599
1614,525
1615,510
1616,653
1617,800
1618,469
1619,383
1620,818
1621,498
1622,1109
1623,614
1624,665
1625,461
1626,583
1627,1015
1628,744
1629,853
1630,1035
1631,740
1632,860
1633,1026
1634,699
1635,697
1636,828
1637,450
1638,841
1639,965
1640,1082
1641,1145
1642,926
1643,879
1644,1027
1645,652
1646,1007
1647,342
1648,909
1649,833
1650,992
1651,700
1652,538
1653,824
1654,942
1655,884
1656,705
1657,736
1658,755
1659,834
1660,739
1661,649
1662,849
1663,438
1664,903
1665,866
1666,806
1667,621
1668,785
1669,594
1670,687
1671,766
1672,659
1673,494
1674,659
1675,882
1676,850
1677,997
1678,769
1679,1080
1680,615
1681,1210
1682,1004
1683,492
1684,370
1685,793
1686,804
1687,759
1688,877
1689,719
1690,1010
1691,601
1692,519
1693,875
1694,984
1695,1123
1696,715
1697,378
1698,869
1699,793
1700,815
1701,586
1702,689
1703,543
1704,811
1705,344
1706,968
1707,1124
1708,873
1709,798
1710,782
1711,588
1712,683
1713,538
1714,1090
1715,676
1716,680
1717,858
1718,848
1719,847
1720,521
1721,498
1722,964
1723,780
1724,483
1725,578
1726,577
1727,889
1728,726
1729,746
1730,718
1731,628
1732,482
1733,915
1734,664
1735,596
1736,673
1737,801
1738,657
1739,1190
1740,805
1741,858
1742,754
1743,758
1744,609
1745,768
1746,710
1747,292
1748,700
1749,428
1750,304
1751,623
1752,912
1753,689
1754,480
1755,519
1756,261
1757,750
1758,717
1759,759
1760,552
1761,468
1762,820
1763,738
1764,712
1765,773
1766,879
1767,545
1768,990
1769,707
1770,773
1771,646
1772,1032
1773,552
1774,884
1775,868
1776,711
1777,190
1778,286
1779,733
1780,531
1781,601
1782,755
1783,896
1784,658
1785,903
1786,824
1787,328
1788,652
1789,551
1790,572
1791,684
1792,626
1793,295
1794,877
1795,1112
1796,890
1797,768
1798,726
1799,550
1800,650
1801,857
1802,876
1803,604
1804,824
1805,453
1806,822
1807,736
1808,807
1809,757
1810,676
1811,825
1812,657
1813,637
1814,681
1815,565
1816,750
1817,536
1818,748
1819,820
1820,555
1821,951
1822,201
1823,927
1824,459
1825,898
1826,796
1827,874
1828,402
1829,633
1830,608
1831,642
1832,661
1833,673
1834,791
1835,498
1836,562
1837,736
1838,753
1839,602
1840,564
1841,644
1842,668
1843,837
1844,290
1845,895
1846,477
1847,601
1848,667
1849,579
1850,584
1851,581
1852,336
1853,529
1854,500
1855,376
1856,604
1857,762
1858,718
1859,735
1860,616
1861,567
1862,662
1863,732
1864,805
1865,348
1866,771
1867,749
1868,667
1869,716
1870,762
1871,675
1872,528
1873,851
1874,746
1875,534
1876,713
1877,874
1878,907
1879,669
1880,567
1881,715
1882,622
1883,469
1884,632
1885,939
1886,644
1887,854
1888,625
1889,734
1890,747
1891,738
1892,806
1893,445
1894,593
1895,862
1896,705
1897,434
1898,689
1899,711
1900,1013
1901,762
1902,851
1903,788
1904,208
1905,583
1906,538
1907,709
1908,695
1909,557
1910,844
1911,790
1912,782
1913,476
1914,694
1915,544
1916,979
1917,675
1918,703
1919,466
1920,647
1921,605
1922,731
1923,722
1924,912
1925,467
1926,405
1927,585
1928,686
1929,203
1930,567
1931,807
1932,718
1933,259
1934,509
1935,33
1936,842
1937,715
1938,953
1939,600
1940,677
1941,680
1942,485
1943,673
1944,721
1945,776
1946,751
1947,417
1948,640
1949,830
1950,408
1951,565
1952,553
1953,904
1954,756
1955,470
1956,921
1957,877
1958,607
1959,905
1960,406
1961,751
1962,707
1963,696
1964,747
1965,592
1966,559
1967,445
1968,656
1969,642
1970,927
1971,544
1972,684
1973,368
1974,765
1975,836
1976,729
1977,826
1978,698
1979,842
1980,857
1981,486
1982,587
1983,688
1984,819
1985,343
1986,691
1987,889
1988,403
1989,749
1990,703
1991,586
1992,219
1993,879
1994,681
1995,483
1996,602
1997,634
1998,273
1999,684
2000,815
2001,277
2002,607
2003,712
2004,743
2005,795
2006,726
2007,818
2008,573
2009,695
2010,725
2011,529
2012,795
2013,714
2014,559
2015,893
2016,694
2017,575
2018,711
2019,534
2020,324
2021,427
2022,171
2023,537
2024,545
2025,844
2026,680
2027,621
2028,768
2029,657
2030,578
2031,640
2032,976
2033,390
2034,683
2035,688
2036,396
2037,758
2038,542
2039,848
2040,621
2041,937
2042,385
2043,877
2044,705
2045,772
2046,621
2047,818
2048,608
2049,849
2050,442
2051,710
2052,613
2053,870
2054,722
2055,648
2056,683
2057,693
2058,662
2059,526
2060,406
2061,538
2062,560
2063,747
2064,551
2065,583
2066,799
2067,546
2068,667
2069,494
2070,247
2071,713
2072,330
2073,481
2074,686
2075,496
2076,730
2077,612
2078,885
2079,723
2080,350
2081,750
2082,303
2083,484
2084,725
2085,759
2086,887
2087,675
2088,743
2089,887
2090,734
2091,550
2092,305
2093,532
2094,833
2095,828
2096,565
2097,500
2098,692
2099,323
2100,132
2101,560
2102,742
2103,633
2104,638
2105,651
2106,426
2107,776
2108,228
2109,861
2110,405
2111,458
2112,593
2113,543
2114,653
2115,512
2116,649
2117,571
2118,796
2119,498
2120,551
2121,675
2122,379
2123,632
2124,965
2125,795
2126,644
2127,650
2128,794
2129,514
2130,531
2131,554
2132,296
2133,758
2134,572
2135,688
2136,788
2137,644
2138,798
2139,262
2140,566
2141,528
2142,756
2143,467
2144,535
2145,388
2146,242
2147,848
2148,498
2149,445
2150,682
2151,251
2152,404
2153,580
2154,634
2155,911
2156,628
2157,594
2158,785
2159,511
2160,569
2161,423
2162,338
2163,544
2164,484
2165,399
2166,229
2167,652
2168,678
2169,556
2170,746
2171,251
2172,669
2173,591
2174,375
2175,433
2176,611
2177,500
2178,546
2179,573
2180,558
2181,772
2182,467
2183,576
2184,760
2185,601
2186,472
2187,487
2188,777
2189,621
2190,875
2191,280
2192,783
2193,709
2194,618
2195,608
2196,699
2197,719
2198,746
2199,862
2200,303
2201,501
2202,435
2203,591
2204,771
2205,326
2206,353
2207,665
2208,463
2209,719
2210,633
2211,513
2212,653
2213,764
2214,751
2215,775
2216,492
2217,462
2218,589
2219,659
2220,333
2221,682
2222,206
2223,525
2224,702
2225,547
2226,440
2227,435
2228,499
2229,540
2230,701
2231,259
2232,422
2233,482
2234,569
2235,619
2236,350
2237,656
2238,433
2239,489
2240,719
2241,575
2242,639
2243,382
2244,528
2245,683
2246,408
2247,565
2248,366
2249,496
2250,589
2251,511
2252,703
2253,444
2254,631
2255,458
2256,217
2257,641
2258,407
2259,705
2260,752
2261,660
2262,577
2263,254
2264,737
2265,451
2266,282
2267,515
2268,555
2269,579
2270,639
2271,856
2272,360
2273,397
2274,714
2275,582
2276,548
2277,624
2278,607
2279,547
2280,284
2281,665
2282,603
2283,446
2284,612
2285,550
2286,439
2287,614
2288,601
2289,643
2290,447
2291,545
2292,326
2293,622
2294,532
2295,534
2296,608
2297,580
2298,596
2299,658
2300,469
2301,547
2302,564
2303,687
2304,613
2305,360
2306,643
2307,650
2308,143
2309,460
2310,405
2311,590
2312,737
2313,724
2314,768
2315,671
2316,562
2317,522
2318,389
2319,445
2320,301
2321,598
2322,659
2323,349
2324,771
2325,523
2326,657
2327,331
2328,446
2329,344
2330,443
2331,581
2332,378
2333,509
2334,494
2335,568
2336,407
2337,485
2338,480
2339,601
2340,414
2341,675
2342,514
2343,487
2344,367
2345,397
2346,571
2347,736
2348,373
2349,328
2350,640
2351,618
2352,869
2353,745
2354,539
2355,828
2356,663
2357,565
2358,587
2359,605
2360,420
2361,730
2362,369
2363,438
2364,575
2365,697
2366,631
2367,621
2368,609
2369,585
2370,599
2371,494
2372,495
2373,434
2374,722
2375,674
2376,529
2377,513
2378,482
2379,441
2380,711
2381,623
2382,632
2383,553
2384,612
2385,615
2386,372
2387,510
2388,221
2389,412
2390,584
2391,382
2392,609
2393,660
2394,463
2395,562
2396,414
2397,543
2398,704
2399,619
2400,390
2401,524
2402,367
2403,839
2404,518
2405,490
2406,717
2407,684
2408,591
2409,508
2410,492
2411,710
2412,707
2413,450
2414,259
2415,768
2416,483
2417,512
2418,444
2419,450
2420,511
2421,336
2422,625
2423,592
2424,561
2425,305
2426,503
2427,274
2428,434
2429,671
2430,679
2431,441
2432,476
2433,606
2434,342
2435,321
2436,363
2437,620
2438,489
2439,343
2440,639
2441,416
2442,203
2443,515
2444,247
2445,555
2446,840
2447,459
2448,640
2449,705
2450,537
2451,557
2452,799
2453,539
2454,331
2455,496
2456,494
2457,394
2458,580
2459,402
2460,232
2461,576
2462,469
2463,477
2464,770
2465,393
2466,608
2467,676
2468,719
2469,805
2470,771
2471,594
2472,465
2473,270
2474,232
2475,778
2476,552
2477,334
2478,640
2479,432
2480,308
2481,651
2482,326
2483,436
2484,560
2485,502
2486,623
2487,654
2488,483
2489,818
2490,679
2491,656
2492,346
2493,686
2494,503
2495,327
2496,693
2497,602
2498,506
2499,536
2500,609
2501,798
2502,621
2503,349
2504,563
2505,290
2506,546
2507,452
2508,563
2509,399
2510,519
2511,312
2512,554
2513,818
2514,496
2515,414
2516,604
2517,620
2518,704
2519,640
2520,371
2521,306
2522,614
2523,666
2524,773
2525,597
2526,297
2527,324
2528,363
2529,435
2530,508
2531,317
2532,417
2533,569
2534,484
2535,532
2536,591
2537,268
2538,598
2539,523
2540,434
2541,529
2542,536
2543,602
2544,593
2545,452
2546,415
2547,678
2548,292
2549,638
2550,649
2551,491
2552,605
2553,602
2554,725
2555,448
2556,688
2557,295
2558,574
2559,648
2560,217
2561,635
2562,472
2563,477
2564,674
2565,359
2566,388
2567,440
2568,572
2569,476
2570,630
2571,629
2572,157
2573,655
2574,576
2575,446
2576,474
2577,575
2578,653
2579,552
2580,394
2581,548
2582,673
2583,517
2584,451
2585,255
2586,443
2587,590
2588,313
2589,489
2590,434
2591,486
2592,376
2593,372
2594,851
2595,453
2596,595
2597,604
2598,538
2599,493
2600,566
2601,619
2602,413
2603,638
2604,655
2605,620
2606,498
2607,660
2608,668
2609,416
2610,418
2611,679
2612,493
2613,332
2614,566
2615,505
2616,566
2617,441
2618,398
2619,478
2620,579
2621,508
2622,455
2623,650
2624,547
2625,483
2626,512
2627,416
2628,359
2629,524
2630,629
2631,664
2632,632
2633,544
2634,458
2635,164
2636,378
2637,523
2638,231
2639,619
2640,489
2641,535
2642,564
2643,543
2644,503
2645,546
2646,584
2647,358
2648,554
2649,200
2650,354
2651,430
2652,450
2653,426
2654,436
2655,470
2656,231
2657,598
2658,772
2659,471
2660,228
2661,547
2662,392
2663,500
2664,538
2665,536
2666,573
2667,248
2668,413
2669,580
2670,417
2671,684
2672,273
2673,485
2674,633
2675,417
2676,454
2677,714
2678,380
2679,704
2680,377
2681,220
2682,410
2683,376
2684,536
2685,327
2686,172
2687,532
2688,518
2689,442
2690,339
2691,546
2692,506
2693,466
2694,266
2695,517
2696,472
2697,433
2698,403
2699,567
2700,457
2701,503
2702,447
2703,403
2704,534
2705,525
2706,376
2707,295
2708,470
2709,393
2710,515
2711,567
2712,364
2713,440
2714,449
2715,393
2716,414
2717,356
2718,730
2719,436
2720,262
2721,507
2722,418
2723,438
2724,552
2725,334
2726,326
2727,313
2728,474
2729,396
2730,541
2731,439
2732,593
2733,321
2734,401
2735,545
2736,551
2737,630
2738,642
2739,373
2740,468
2741,606
2742,522
2743,273
2744,222
2745,531
2746,616
2747,423
2748,390
2749,136
2750,600
2751,529
2752,297
2753,302
2754,534
2755,501
2756,286
2757,574
2758,281
2759,354
2760,546
2761,517
2762,435
2763,523
2764,496
2765,311
2766,336
2767,431
2768,459
2769,431
2770,445
2771,400
2772,488
2773,535
2774,414
2775,544
2776,498
2777,563
2778,312
2779,354
2780,409
2781,371
2782,442
2783,558
2784,277
2785,489
2786,725
2787,527
2788,384
2789,501
2790,260
2791,451
2792,599
2793,489
2794,329
2795,478
2796,425
2797,146
2798,624
2799,397
2800,535
2801,456
2802,530
2803,439
2804,369
2805,223
2806,454
2807,545
2808,412
2809,558
2810,548
2811,573
2812,336
2813,438
2814,576
2815,500
2816,378
2817,562
2818,249
2819,439
2820,577
2821,594
2822,448
2823,508
2824,546
2825,492
2826,469
2827,312
2828,476
2829,329
2830,455
2831,379
2832,497
2833,394
2834,374
2835,445
2836,358
2837,285
2838,332
2839,422
2840,496
2841,415
2842,455
2843,277
2844,328
2845,373
2846,539
2847,297
2848,555
2849,508
2850,539
2851,297
2852,438
2853,466
2854,587
2855,195
2856,376
2857,433
2858,433
2859,566
2860,475
2861,381
2862,620
2863,407
2864,376
2865,293
2866,454
2867,262
2868,501
2869,407
2870,431
2871,497
2872,412
2873,560
2874,437
2875,643
2876,411
2877,658
2878,425
2879,709
2880,182
2881,675
2882,417
2883,520
2884,448
2885,404
2886,176
2887,540
2888,564
2889,439
2890,460
2891,281
2892,685
2893,490
2894,265
2895,342
2896,161
2897,526
2898,503
2899,508
2900,575
2901,501
2902,296
2903,612
2904,444
2905,479
2906,337
2907,478
2908,326
2909,276
2910,333
2911,576
2912,318
2913,297
2914,503
2915,351
2916,405
2917,422
2918,482
2919,325
2920,411
2921,379
2922,253
2923,501
2924,400
2925,254
2926,413
2927,627
2928,180
2929,298
2930,544
2931,490
2932,427
2933,394
2934,212
2935,365
2936,672
2937,643
2938,347
2939,570
2940,370
2941,411
2942,633
2943,566
2944,668
2945,578
2946,298
2947,440
2948,280
2949,327
2950,557
2951,309
2952,526
2953,522
2954,480
2955,496
2956,216
2957,389
2958,400
2959,555
2960,560
2961,300
2962,332
2963,247
2964,404
2965,573
2966,172
2967,445
2968,439
2969,513
2970,380
2971,475
2972,402
2973,377
2974,466
2975,463
2976,547
2977,402
2978,571
2979,653
2980,374
2981,562
2982,331
2983,366
2984,389
2985,502
2986,421
2987,402
2988,496
2989,493
2990,563
2991,481
2992,475
2993,542
2994,527
2995,315
2996,435
2997,562
2998,459
2999,483
3000,676
3001,414
3002,616
3003,467
3004,507
3005,421
3006,415
3007,516
3008,232
3009,179
3010,313
3011,378
3012,277
3013,451
3014,401
3015,458
3016,396
3017,387
3018,406
3019,498
3020,429
3021,451
3022,620
3023,423
3024,311
3025,528
3026,276
3027,547
3028,506
3029,349
3030,230
3031,355
3032,310
3033,567
3034,301
3035,388
3036,526
3037,491
3038,476
3039,472
3040,503
3041,132
3042,341
3043,370
3044,400
3045,412
3046,407
3047,508
3048,360
3049,374
3050,444
3051,643
3052,455
3053,432
3054,297
3055,445
3056,481
3057,363
3058,342
3059,298
3060,297
3061,378
3062,266
3063,567
3064,527
3065,473
3066,599
3067,404
3068,494
3069,232
3070,452
3071,383
3072,496
3073,386
3074,451
3075,225
3076,620
3077,558
3078,490
3079,539
3080,488
3081,386
3082,588
3083,413
3084,518
3085,354
3086,589
3087,448
3088,394
3089,365
3090,562
3091,502
3092,414
3093,272
3094,394
3095,283
3096,556
3097,414
3098,445
3099,395
3100,563
3101,477
3102,379
3103,382
3104,158
3105,479
3106,478
3107,330
3108,477
3109,442
3110,202
3111,378
3112,420
3113,435
3114,173
3115,437
3116,370
3117,399
3118,476
3119,370
3120,560
3121,335
3122,480
3123,269
3124,382
3125,443
3126,376
3127,490
3128,619
3129,267
3130,331
3131,430
3132,474
3133,478
3134,488
3135,391
3136,465
3137,423
3138,553
3139,265
3140,251
3141,499
3142,234
3143,570
3144,542
3145,367
3146,252
3147,547
3148,258
3149,277
3150,451
3151,470
3152,164
3153,337
3154,352
3155,432
3156,380
3157,337
3158,363
3159,296
3160,376
3161,403
3162,468
3163,444
3164,359
3165,318
3166,521
3167,386
3168,401
3169,465
3170,419
3171,412
3172,383
3173,459
3174,427
3175,525
3176,400
3177,504
3178,351
3179,405
3180,333
3181,167
3182,472
3183,335
3184,427
3185,468
3186,319
3187,278
3188,443
3189,385
3190,378
3191,353
3192,343
3193,388
3194,535
3195,470
3196,311
3197,494
3198,521
3199,352
3200,650
3201,340
3202,458
3203,197
3204,370
3205,613
3206,406
3207,340
3208,427
3209,399
3210,414
3211,287
3212,392
3213,426
3214,369
3215,390
3216,496
3217,346
3218,373
3219,499
3220,332
3221,347
3222,180
3223,566
3224,173
3225,106
3226,160
3227,324
3228,444
3229,401
3230,193
3231,362
3232,599
3233,165
3234,551
3235,176
3236,376
3237,532
3238,357
3239,345
3240,532
3241,418
3242,396
3243,413
3244,542
3245,378
3246,430
3247,437
3248,300
3249,524
3250,502
3251,186
3252,473
3253,363
3254,477
3255,379
3256,381
3257,490
3258,391
3259,310
3260,235
3261,302
3262,468
3263,364
3264,554
3265,314
3266,147
3267,403
3268,494
3269,434
3270,195
3271,482
3272,193
3273,438
3274,521
3275,285
3276,338
3277,436
3278,488
3279,444
3280,523
3281,246
3282,371
3283,246
3284,510
3285,149
3286,370
3287,385
3288,225
3289,350
3290,379
3291,415
3292,289
3293,595
3294,430
3295,395
3296,439
3297,382
3298,489
3299,454
3300,391
3301,252
3302,389
3303,440
3304,531
3305,180
3306,589
3307,366
3308,308
3309,524
3310,127
3311,523
3312,399
3313,436
3314,482
3315,254
3316,337
3317,473
3318,376
3319,278
3320,163
3321,401
3322,448
3323,501
3324,396
3325,473
3326,358
3327,322
3328,195
3329,431
3330,493
3331,199
3332,368
3333,470
3334,412
3335,171
3336,364
3337,396
3338,392
3339,463
3340,519
3341,504
3342,363
3343,387
3344,506
3345,321
3346,388
3347,252
3348,458
3349,345
3350,354
3351,401
3352,535
3353,458
3354,350
3355,412
3356,328
3357,415
3358,400
3359,633
3360,487
3361,224
3362,642
3363,395
3364,615
3365,298
3366,487
3367,443
3368,169
3369,326
3370,268
3371,338
3372,401
3373,449
3374,494
3375,381
3376,399
3377,276
3378,446
3379,334
3380,362
3381,374
3382,365
3383,248
3384,415
3385,208
3386,396
3387,496
3388,523
3389,164
3390,463
3391,325
3392,216
3393,365
3394,457
3395,533
3396,547
3397,417
3398,393
3399,220
3400,451
3401,395
3402,386
3403,453
3404,309
3405,348
3406,581
3407,451
3408,409
3409,238
3410,547
3411,330
3412,395
3413,251
3414,481
3415,150
3416,420
3417,415
3418,285
3419,285
3420,359
3421,193
3422,370
3423,134
3424,311
3425,525
3426,325
3427,462
3428,412
3429,330
3430,237
3431,355
3432,261
3433,252
3434,373
3435,301
3436,226
3437,295
3438,170
3439,368
3440,408
3441,418
3442,370
3443,415
3444,433
3445,441
3446,276
3447,173
3448,181
3449,353
3450,446
3451,288
3452,470
3453,312
3454,394
3455,467
3456,536
3457,277
3458,304
3459,384
3460,422
3461,318
3462,545
3463,402
3464,323
3465,418
3466,364
3467,451
3468,515
3469,456
3470,351
3471,228
3472,401
3473,287
3474,376
3475,377
3476,359
3477,467
3478,410
3479,101
3480,289
3481,297
3482,310
3483,329
3484,494
3485,324
3486,317
3487,251
3488,229
3489,480
3490,336
3491,309
3492,518
3493,213
3494,399
3495,153
3496,444
3497,536
3498,370
3499,137
3500,358
3501,453
3502,233
3503,281
3504,544
3505,302
3506,244
3507,468
3508,372
3509,367
3510,497
3511,403
3512,396
3513,553
3514,438
3515,471
3516,290
3517,433
3518,396
3519,429
3520,238
3521,437
3522,387
3523,444
3524,517
3525,304
3526,384
3527,380
3528,401
3529,385
3530,508
3531,205
3532,390
3533,309
3534,411
3535,397
3536,509
3537,403
3538,253
3539,447
3540,329
3541,324
3542,228
3543,386
3544,284
3545,350
3546,394
3547,549
3548,332
3549,287
3550,394
3551,498
3552,346
3553,304
3554,303
3555,355
3556,215
3557,299
3558,284
3559,311
3560,484
3561,379
3562,436
3563,388
3564,257
3565,490
3566,406
3567,266
3568,462
3569,279
3570,337
3571,339
3572,203
3573,384
3574,282
3575,370
3576,370
3577,294
3578,404
3579,409
3580,520
3581,410
3582,256
3583,462
3584,322
3585,495
3586,228
3587,266
3588,413
3589,398
3590,469
3591,263
3592,343
3593,454
3594,366
3595,535
3596,304
3597,461
3598,269
3599,302
3600,426
3601,375
3602,238
3603,278
3604,263
3605,372
3606,198
3607,443
3608,486
3609,278
3610,289
3611,498
3612,401
3613,513
3614,356
3615,321
3616,410
3617,334
3618,325
3619,301
3620,295
3621,387
3622,406
3623,338
3624,212
3625,287
3626,346
3627,302
3628,482
3629,234
3630,399
3631,248
3632,370
3633,341
3634,417
3635,302
3636,319
3637,255
3638,424
3639,379
3640,300
3641,373
3642,499
3643,521
3644,281
3645,194
3646,397
3647,349
3648,481
3649,357
3650,321
3651,224
3652,326
3653,328
3654,562
3655,273
3656,340
3657,529
3658,330
3659,263
3660,499
3661,177
3662,379
3663,495
3664,302
3665,321
3666,380
3667,263
3668,337
3669,220
3670,355
3671,451
3672,425
3673,448
3674,211
3675,250
3676,435
3677,359
3678,217
3679,313
3680,438
3681,236
3682,323
3683,304
3684,337
3685,266
3686,400
3687,349
3688,379
3689,240
3690,299
3691,257
3692,489
3693,356
3694,162
3695,167
3696,263
3697,354
3698,538
3699,408
3700,534
3701,229
3702,434
3703,427
3704,346
3705,481
3706,417
3707,274
3708,268
3709,409
3710,310
3711,386
3712,381
3713,424
3714,285
3715,459
3716,346
3717,324
3718,283
3719,171
3720,405
3721,111
3722,368
3723,367
3724,503
3725,363
3726,208
3727,376
3728,380
3729,409
3730,369
3731,500
3732,355
3733,209
3734,142
3735,257
3736,172
3737,383
3738,275
3739,484
3740,354
3741,320
3742,244
3743,392
3744,389
3745,339
3746,290
3747,307
3748,389
3749,326
3750,407
3751,373
3752,346
3753,233
3754,381
3755,378
3756,349
3757,289
3758,424
3759,261
3760,256
3761,184
3762,337
3763,464
3764,400
3765,323
3766,305
3767,461
3768,356
3769,374
3770,288
3771,369
3772,466
3773,286
3774,422
3775,264
3776,434
3777,311
3778,387
3779,308
3780,352
3781,326
3782,257
3783,305
3784,325
3785,182
3786,330
3787,474
3788,391
3789,186
3790,455
3791,422
3792,365
3793,465
3794,345
3795,402
3796,204
3797,499
3798,355
3799,424
3800,265
3801,372
3802,210
3803,460
3804,464
3805,405
3806,467
3807,243
3808,440
3809,306
3810,187
3811,243
3812,475
3813,288
3814,434
3815,203
3816,392
3817,363
3818,556
3819,397
3820,351
3821,219
3822,245
3823,380
3824,376
3825,193
3826,512
3827,252
3828,319
3829,436
3830,303
3831,222
3832,460
3833,392
3834,461
3835,261
3836,223
3837,464
3838,334
3839,270
3840,151
3841,268
3842,196
3843,247
3844,277
3845,302
3846,328
3847,278
3848,147
3849,234
3850,261
3851,359
3852,385
3853,456
3854,208
3855,291
3856,421
3857,419
3858,485
3859,313
3860,390
3861,442
3862,289
3863,270
3864,192
3865,315
3866,335
3867,258
3868,273
3869,366
3870,424
3871,476
3872,262
3873,219
3874,449
3875,295
3876,420
3877,306
3878,450
3879,332
3880,218
3881,155
3882,137
3883,393
3884,361
3885,286
3886,311
3887,310
3888,222
3889,521
3890,171
3891,166
3892,484
3893,327
3894,261
3895,190
3896,214
3897,241
3898,239
3899,402
3900,312
3901,260
3902,332
3903,234
3904,467
3905,355
3906,377
3907,499
3908,369
3909,307
3910,353
3911,296
3912,308
3913,288
3914,284
3915,331
3916,440
3917,210
3918,328
3919,276
3920,237
3921,422
3922,329
3923,281
3924,442
3925,310
3926,296
3927,328
3928,167
3929,356
3930,277
3931,126
3932,303
3933,353
3934,391
3935,247
3936,377
3937,448
3938,473
3939,135
3940,321
3941,293
3942,316
3943,310
3944,257
3945,425
3946,294
3947,328
3948,584
3949,283
3950,202
3951,228
3952,328
3953,232
3954,252
3955,365
3956,304
3957,420
3958,355
3959,214
3960,367
3961,357
3962,365
3963,481
3964,413
3965,421
3966,384
3967,175
3968,352
3969,356
3970,299
3971,383
3972,179
3973,489
3974,423
3975,306
3976,265
3977,263
3978,387
3979,439
3980,355
3981,130
3982,451
3983,199
3984,262
3985,225
3986,185
3987,264
3988,471
3989,286
3990,438
3991,231
3992,269
3993,317
3994,306
3995,307
3996,226
3997,479
3998,263
3999,307
4000,297
4001,359
4002,345
4003,440
4004,252
4005,317
4006,324
4007,321
4008,322
4009,327
4010,357
4011,208
4012,212
4013,322
4014,441
4015,217
4016,405
4017,282
4018,332
4019,217
4020,357
4021,298
4022,437
4023,352
4024,260
4025,449
4026,299
4027,405
4028,272
4029,337
4030,337
4031,396
4032,334
4033,279
4034,395
4035,246
4036,280
4037,319
4038,199
4039,426
4040,404
4041,404
4042,462
4043,197
4044,350
4045,106
4046,453
4047,321
4048,359
4049,226
4050,222
4051,322
4052,314
4053,358
4054,173
4055,241
4056,293
4057,426
4058,330
4059,172
4060,331
4061,295
4062,419
4063,325
4064,348
4065,365
4066,322
4067,338
4068,275
4069,329
4070,426
4071,250
4072,148
4073,228
4074,374
4075,199
4076,388
4077,387
4078,373
4079,390
4080,315
4081,388
4082,325
4083,304
4084,371
4085,447
4086,187
4087,375
4088,160
4089,276
4090,231
4091,404
4092,319
4093,268
4094,371
4095,448
4096,308
4097,171
4098,378
4099,144
4100,411
4101,355
4102,280
4103,325
4104,266
4105,323
4106,247
4107,136
4108,334
4109,327
4110,316
4111,370
4112,440
4113,268
4114,235
4115,208
4116,355
4117,195
4118,330
4119,207
4120,265
4121,370
4122,285
4123,200
4124,376
4125,306
4126,170
4127,395
4128,331
4129,264
4130,435
4131,363
4132,264
4133,286
4134,231
4135,359
4136,186
4137,273
4138,476
4139,373
4140,282
4141,239
4142,294
4143,215
4144,170
4145,313
4146,294
4147,126
4148,322
4149,309
4150,303
4151,151
4152,174
4153,217
4154,293
4155,324
4156,328
4157,227
4158,257
4159,416
4160,202
4161,149
4162,295
4163,221
4164,344
4165,223
4166,339
4167,366
4168,298
4169,206
4170,321
4171,305
4172,323
4173,252
4174,188
4175,392
4176,278
4177,332
4178,380
4179,215
4180,392
4181,324
4182,334
4183,251
4184,196
4185,275
4186,124
4187,336
4188,449
4189,254
4190,397
4191,119
4192,379
4193,316
4194,475
4195,281
4196,464
4197,272
4198,268
4199,256
4200,346
4201,284
4202,247
4203,183
4204,274
4205,141
4206,251
4207,198
4208,308
4209,349
4210,301
4211,109
4212,282
4213,278
4214,343
4215,344
4216,352
4217,218
4218,255
4219,307
4220,331
4221,263
4222,307
4223,340
4224,352
4225,149
4226,358
4227,337
4228,322
4229,164
4230,300
4231,323
4232,360
4233,371
4234,346
4235,195
4236,420
4237,417
4238,322
4239,340
4240,363
4241,276
4242,416
4243,307
4244,339
4245,343
4246,359
4247,287
4248,174
4249,227
4250,334
4251,414
4252,207
4253,381
4254,285
4255,337
4256,315
4257,291
4258,302
4259,332
4260,166
4261,370
4262,113
4263,278
4264,179
4265,375
4266,327
4267,338
4268,291
4269,246
4270,198
4271,406
4272,163
4273,494
4274,157
4275,413
4276,360
4277,426
4278,291
4279,310
4280,244
4281,244
4282,310
4283,304
4284,241
4285,251
4286,378
4287,183
4288,341
4289,304
4290,290
4291,246
4292,140
4293,333
4294,350
4295,316
4296,325
4297,171
4298,288
4299,355
4300,163
4301,346
4302,288
4303,190
4304,370
4305,329
4306,282
4307,346
4308,349
4309,447
4310,275
4311,297
4312,253
4313,376
4314,198
4315,452
4316,376
4317,413
4318,243
4319,295
4320,252
4321,318
4322,284
4323,166
4324,354
4325,279
4326,324
4327,219
4328,251
4329,248
4330,253
4331,131
4332,284
4333,498
4334,291
4335,312
4336,335
4337,350
4338,215
4339,259
4340,284
4341,179
4342,237
4343,330
4344,180
4345,401
4346,141
4347,372
4348,315
4349,372
4350,228
4351,256
4352,264
4353,266
4354,325
4355,227
4356,174
4357,327
4358,384
4359,412
4360,278
4361,387
4362,298
4363,410
4364,113
4365,375
4366,86
4367,217
4368,287
4369,305
4370,184
4371,320
4372,154
4373,247
4374,307
4375,455
4376,257
4377,325
4378,326
4379,279
4380,284
4381,282
4382,218
4383,413
4384,345
4385,322
4386,310
4387,396
4388,286
4389,188
4390,258
4391,267
4392,344
4393,239
4394,293
4395,235
4396,321
4397,186
4398,156
4399,165
4400,271
4401,311
4402,288
4403,290
4404,149
4405,190
4406,291
4407,203
4408,260
4409,339
4410,144
4411,111
4412,250
4413,331
4414,192
4415,142
4416,301
4417,200
4418,332
4419,310
4420,352
4421,179
4422,357
4423,326
4424,312
4425,396
4426,280
4427,350
4428,323
4429,346
4430,252
4431,309
4432,261
4433,289
4434,403
4435,344
4436,213
4437,295
4438,299
4439,315
4440,292
4441,201
4442,276
4443,335
4444,312
4445,384
4446,300
4447,280
4448,329
4449,276
4450,286
4451,230
4452,290
4453,218
4454,322
4455,273
4456,222
4457,122
4458,279
4459,319
4460,389
4461,297
4462,188
4463,358
4464,305
4465,199
4466,314
4467,241
4468,298
4469,315
4470,271
4471,255
4472,280
4473,342
4474,257
4475,275
4476,442
4477,150
4478,122
4479,294
4480,284
4481,300
4482,199
4483,384
4484,163
4485,260
4486,193
4487,354
4488,376
4489,176
4490,359
4491,311
4492,323
4493,222
4494,350
4495,95
4496,127
4497,245
4498,246
4499,263
4500,307
4501,155
4502,271
4503,343
4504,362
4505,304
4506,373
4507,360
4508,361
4509,257
4510,308
4511,169
4512,335
4513,353
4514,242
4515,297
4516,240
4517,360
4518,122
4519,165
4520,314
4521,180
4522,238
4523,248
4524,442
4525,272
4526,176
4527,327
4528,352
4529,181
4530,330
4531,248
4532,277
4533,250
4534,366
4535,392
4536,113
4537,350
4538,365
4539,307
4540,286
4541,231
4542,294
4543,304
4544,384
4545,143
4546,268
4547,280
4548,279
4549,365
4550,171
4551,300
4552,281
4553,406
4554,241
4555,429
4556,312
4557,218
4558,148
4559,256
4560,280
4561,309
4562,275
4563,336
4564,312
4565,428
4566,177
4567,312
4568,286
4569,191
4570,289
4571,317
4572,247
4573,207
4574,330
4575,275
4576,252
4577,254
4578,341
4579,436
4580,296
4581,313
4582,399
4583,301
4584,327
4585,265
4586,286
4587,249
4588,308
4589,280
4590,383
4591,107
4592,451
4593,180
4594,228
4595,303
4596,220
4597,219
4598,383
4599,302
4600,251
4601,218
4602,265
4603,263
4604,206
4605,334
4606,239
4607,332
4608,324
4609,315
4610,279
4611,266
4612,235
4613,265
4614,300
4615,225
4616,234
4617,220
4618,343
4619,325
4620,187
4621,278
4622,311
4623,228
4624,224
4625,128
4626,240
4627,313
4628,154
4629,309
4630,272
4631,264
4632,279
4633,290
4634,300
4635,297
4636,327
4637,272
4638,254
4639,307
4640,230
4641,216
4642,460
4643,191
4644,240
4645,342
4646,411
4647,348
4648,200
4649,255
4650,391
4651,303
4652,264
4653,331
4654,275
4655,196
4656,346
4657,330
4658,318
4659,293
4660,284
4661,231
4662,316
4663,182
4664,162
4665,261
4666,310
4667,228
4668,145
4669,271
4670,196
4671,304
4672,213
4673,335
4674,230
4675,231
4676,196
4677,169
4678,404
4679,241
4680,325
4681,205
4682,274
4683,378
4684,270
4685,282
4686,338
4687,245
4688,173
4689,151
4690,283
4691,315
4692,285
4693,210
4694,175
4695,236
4696,255
4697,315
4698,348
4699,174
4700,310
4701,192
4702,145
4703,347
4704,207
4705,285
4706,185
4707,134
4708,225
4709,447
4710,252
4711,228
4712,402
4713,409
4714,278
4715,205
4716,372
4717,144
4718,296
4719,268
4720,319
4721,146
4722,294
4723,143
4724,300
4725,198
4726,243
4727,234
4728,320
4729,225
4730,303
4731,215
4732,183
4733,236
4734,195
4735,162
4736,187
4737,148
4738,242
4739,268
4740,200
4741,215
4742,289
4743,89
4744,215
4745,361
4746,189
4747,168
4748,213
4749,222
4750,206
4751,253
4752,196
4753,314
4754,296
4755,369
4756,218
4757,314
4758,313
4759,273
4760,141
4761,231
4762,170
4763,182
4764,249
4765,117
4766,185
4767,197
4768,285
4769,208
4770,118
4771,265
4772,335
4773,173
4774,260
4775,334
4776,288
4777,292
4778,99
4779,273
4780,130
4781,289
4782,266
4783,138
4784,236
4785,104
4786,251
4787,224
4788,315
4789,381
4790,288
4791,283
4792,76
4793,414
4794,245
4795,359
4796,191
4797,353
4798,216
4799,356
4800,292
4801,248
4802,267
4803,145
4804,196
4805,292
4806,295
4807,281
4808,249
4809,140
4810,381
4811,204
4812,260
4813,336
4814,164
4815,424
4816,338
4817,326
4818,104
4819,299
4820,298
4821,251
4822,334
4823,158
4824,155
4825,282
4826,195
4827,281
4828,296
4829,172
4830,370
4831,213
4832,300
4833,250
4834,211
4835,158
4836,318
4837,262
4838,327
4839,215
4840,166
4841,301
4842,344
4843,196
4844,375
4845,204
4846,260
4847,309
4848,313
4849,311
4850,193
4851,169
4852,238
4853,139
4854,288
4855,187
4856,315
4857,292
4858,304
4859,273
4860,247
4861,188
4862,328
4863,226
4864,225
4865,386
4866,141
4867,373
4868,238
4869,209
4870,221
4871,316
4872,318
4873,274
4874,300
4875,180
4876,275
4877,390
4878,185
4879,194
4880,179
4881,274
4882,276
4883,351
4884,224
4885,292
4886,417
4887,226
4888,260
4889,333
4890,196
4891,294
4892,382
4893,184
4894,159
4895,320
4896,296
4897,284
4898,263
4899,258
4900,273
4901,291
4902,208
4903,210
4904,216
4905,293
4906,261
4907,82
4908,181
4909,356
4910,173
4911,181
4912,242
4913,165
4914,276
4915,288
4916,232
4917,225
4918,249
4919,131
4920,302
4921,300
4922,219
4923,257
4924,246
4925,374
4926,254
4927,224
4928,270
4929,248
4930,147
4931,274
4932,296
4933,312
4934,206
4935,145
4936,155
4937,376
4938,385
4939,246
4940,134
4941,298
4942,276
4943,67
4944,256
4945,178
4946,274
4947,244
4948,310
4949,194
4950,260
4951,140
4952,170
4953,155
4954,204
4955,301
4956,187
4957,223
4958,119
4959,302
4960,163
4961,300
4962,81
4963,109
4964,297
4965,297
4966,243
4967,289
4968,167
4969,173
4970,311
4971,195
4972,333
4973,309
4974,313
4975,165
4976,239
4977,332
4978,238
4979,329
4980,161
4981,163
4982,258
4983,296
4984,114
4985,304
4986,313
4987,192
4988,276
4989,288
4990,187
4991,67
4992,307
4993,292
4994,307
4995,214
4996,367
4997,291
4998,216
4999,275
5000,189
5001,158
5002,140
5003,328
5004,284
5005,155
5006,288
5007,333
5008,204
5009,159
5010,249
5011,264
5012,239
5013,297
5014,224
5015,271
5016,217
5017,248
5018,230
5019,214
5020,306
5021,306
5022,170
5023,254
5024,225
5025,228
5026,262
5027,174
5028,257
5029,227
5030,251
5031,293
5032,278
5033,273
5034,258
5035,222
5036,244
5037,245
5038,84
5039,251
5040,190
5041,301
5042,290
5043,270
5044,335
5045,210
5046,219
5047,278
5048,353
5049,334
5050,291
5051,283
5052,329
5053,68
5054,231
5055,312
5056,270
5057,234
5058,324
5059,175
5060,239
5061,234
5062,231
5063,224
5064,143
5065,197
5066,186
5067,351
5068,209
5069,300
5070,168
5071,194
5072,297
5073,265
5074,77
5075,238
5076,253
5077,227
5078,170
5079,245
5080,302
5081,137
5082,200
5083,206
5084,261
5085,249
5086,231
5087,214
5088,238
5089,389
5090,310
5091,289
5092,328
5093,221
5094,192
5095,346
5096,274
5097,285
5098,227
5099,405
5100,372
5101,279
5102,118
5103,276
5104,176
5105,190
5106,193
5107,204
5108,164
5109,280
5110,214
5111,160
5112,231
5113,259
5114,297
5115,264
5116,171
5117,252
5118,275
5119,157
5120,194
5121,286
5122,249
5123,238
5124,264
5125,202
5126,145
5127,323
5128,227
5129,258
5130,138
5131,214
5132,143
5133,250
5134,303
5135,257
5136,257
5137,326
5138,239
5139,271
5140,174
5141,303
5142,171
5143,293
5144,320
5145,236
5146,238
5147,267
5148,214
5149,290
5150,214
5151,212
5152,383
5153,260
5154,103
5155,270
5156,232
5157,373
5158,310
5159,221
5160,344
5161,286
5162,306
5163,302
5164,220
5165,240
5166,331
5167,282
5168,266
5169,139
5170,228
5171,287
5172,240
5173,300
5174,203
5175,315
5176,341
5177,337
5178,216
5179,282
5180,175
5181,302
5182,288
5183,106
5184,238
5185,274
5186,249
5187,374
5188,366
5189,230
5190,271
5191,280
5192,262
5193,258
5194,340
5195,400
5196,245
5197,263
5198,261
5199,241
5200,117
5201,233
5202,170
5203,311
5204,229
5205,145
5206,310
5207,256
5208,102
5209,317
5210,188
5211,228
5212,73
5213,176
5214,212
5215,246
5216,314
5217,273
5218,285
5219,172
5220,338
5221,298
5222,227
5223,298
5224,215
5225,268
5226,193
5227,283
5228,103
5229,302
5230,220
5231,328
5232,350
5233,261
5234,118
5235,193
5236,280
5237,223
5238,242
5239,347
5240,223
5241,170
5242,275
5243,247
5244,184
5245,124
5246,239
5247,282
5248,220
5249,174
5250,250
5251,272
5252,215
5253,276
5254,250
5255,129
5256,155
5257,285
5258,201
5259,237
5260,325
5261,270
5262,256
5263,302
5264,204
5265,264
5266,221
5267,160
5268,92
5269,190
5270,247
5271,279
5272,215
5273,234
5274,228
5275,75
5276,132
5277,298
5278,233
5279,201
5280,128
5281,165
5282,308
5283,292
5284,272
5285,175
5286,184
5287,245
5288,314
5289,252
5290,318
5291,168
5292,335
5293,291
5294,275
5295,314
5296,261
5297,235
5298,258
5299,240
5300,239
5301,288
5302,162
5303,297
5304,376
5305,232
5306,288
5307,305
5308,258
5309,208
5310,271
5311,289
5312,171
5313,293
5314,306
5315,238
5316,268
5317,252
5318,170
5319,266
5320,218
5321,215
5322,288
5323,234
5324,235
5325,93
5326,247
5327,266
5328,249
5329,275
5330,293
5331,299
5332,322
5333,129
5334,138
5335,154
5336,130
5337,297
5338,262
5339,133
5340,295
5341,327
5342,266
5343,365
5344,144
5345,300
5346,241
5347,330
5348,257
5349,270
5350,216
5351,241
5352,223
5353,94
5354,329
5355,235
5356,275
5357,249
5358,283
5359,227
5360,263
5361,205
5362,139
5363,231
5364,191
5365,235
5366,292
5367,232
5368,288
5369,154
5370,349
5371,219
5372,340
5373,114
5374,186
5375,191
5376,309
5377,124
5378,229
5379,140
5380,151
5381,291
5382,259
5383,342
5384,206
5385,328
5386,211
5387,208
5388,309
5389,262
5390,237
5391,212
5392,251
5393,182
5394,173
5395,282
5396,189
5397,208
5398,296
5399,176
5400,217
5401,192
5402,339
5403,176
5404,307
5405,233
5406,229
5407,285
5408,238
5409,233
5410,342
5411,288
5412,288
5413,77
5414,245
5415,297
5416,242
5417,333
5418,183
5419,256
5420,175
5421,241
5422,230
5423,220
5424,157
5425,269
5426,129
5427,221
5428,202
5429,251
5430,228
5431,287
5432,149
5433,196
5434,221
5435,104
5436,209
5437,390
5438,233
5439,249
5440,202
5441,179
5442,268
5443,225
5444,286
5445,231
5446,366
5447,307
5448,227
5449,212
5450,200
5451,143
5452,174
5453,129
5454,172
5455,161
5456,271
5457,303
5458,316
5459,221
5460,173
5461,199
5462,280
5463,332
5464,222
5465,155
5466,285
5467,241
5468,279
5469,242
5470,239
5471,127
5472,175
5473,208
5474,230
5475,261
5476,149
5477,156
5478,218
5479,253
5480,180
5481,252
5482,188
5483,120
5484,142
5485,201
5486,226
5487,149
5488,270
5489,206
5490,210
5491,311
5492,330
5493,168
5494,250
5495,122
5496,249
5497,205
5498,343
5499,313
5500,403
5501,277
5502,108
5503,276
5504,249
5505,275
5506,297
5507,351
5508,207
5509,201
5510,306
5511,200
5512,277
5513,265
5514,176
5515,211
5516,127
5517,230
5518,185
5519,282
5520,198
5521,149
5522,289
5523,128
5524,146
5525,235
5526,214
5527,384
5528,235
5529,137
5530,209
5531,120
5532,194
5533,250
5534,217
5535,138
5536,323
5537,182
5538,214
5539,226
5540,351
5541,222
5542,154
5543,75
5544,222
5545,244
5546,170
5547,212
5548,223
5549,92
5550,220
5551,196
5552,179
5553,182
5554,238
5555,246
5556,260
5557,202
5558,366
5559,262
5560,245
5561,269
5562,222
5563,259
5564,273
5565,203
5566,214
5567,306
5568,326
5569,326
5570,226
5571,114
5572,128
5573,264
5574,246
5575,155
5576,304
5577,248
5578,284
5579,202
5580,267
5581,182
5582,260
5583,217
5584,254
5585,190
5586,288
5587,279
5588,329
5589,204
5590,247
5591,248
5592,151
5593,163
5594,184
5595,276
5596,218
5597,169
5598,205
5599,240
5600,275
5601,287
5602,160
5603,184
5604,249
5605,212
5606,114
5607,166
5608,195
5609,288
5610,112
5611,198
5612,235
5613,194
5614,210
5615,291
5616,196
5617,257
5618,163
5619,190
5620,236
5621,240
5622,137
5623,230
5624,195
5625,290
5626,159
5627,297
5628,179
5629,295
5630,246
5631,115
5632,259
5633,158
5634,164
5635,190
5636,169
5637,146
5638,287
5639,230
5640,157
5641,228
5642,290
5643,181
5644,270
5645,217
5646,235
5647,176
5648,268
5649,190
5650,190
5651,169
5652,267
5653,128
5654,251
5655,280
5656,247
5657,209
5658,299
5659,277
5660,250
5661,286
5662,166
5663,194
5664,166
5665,290
5666,198
5667,269
5668,319
5669,262
5670,157
5671,201
5672,262
5673,184
5674,232
5675,126
5676,231
5677,197
5678,236
5679,118
5680,255
5681,194
5682,175
5683,242
5684,290
5685,286
5686,242
5687,234
5688,254
5689,168
5690,120
5691,133
5692,270
5693,217
5694,178
5695,293
5696,212
5697,212
5698,133
5699,155
5700,218
5701,145
5702,139
5703,207
5704,249
5705,250
5706,81
5707,267
5708,161
5709,235
5710,241
5711,173
5712,149
5713,110
5714,200
5715,207
5716,260
5717,335
5718,202
5719,256
5720,234
5721,254
5722,180
5723,174
5724,114
5725,99
5726,243
5727,122
5728,282
5729,213
5730,102
5731,136
5732,232
5733,175
5734,322
5735,200
5736,170
5737,305
5738,265
5739,333
5740,145
5741,212
5742,236
5743,233
5744,225
5745,158
5746,247
5747,226
5748,278
5749,199
5750,244
5751,235
5752,220
5753,165
5754,215
5755,240
5756,262
5757,199
5758,281
5759,230
5760,268
5761,72
5762,149
5763,336
5764,222
5765,188
5766,285
5767,240
5768,242
5769,201
5770,297
5771,190
5772,200
5773,214
5774,199
5775,340
5776,262
5777,297
5778,144
5779,122
5780,137
5781,284
5782,255
5783,198
5784,132
5785,192
5786,132
5787,171
5788,64
5789,236
5790,209
5791,234
5792,190
5793,224
5794,160
5795,271
5796,107
5797,221
5798,162
5799,230
5800,274
5801,235
5802,282
5803,185
5804,290
5805,326
5806,153
5807,216
5808,176
5809,116
5810,272
5811,208
5812,152
5813,205
5814,248
5815,252
5816,270
5817,250
5818,253
5819,187
5820,149
5821,212
5822,177
5823,219
5824,139
5825,266
5826,259
5827,326
5828,70
5829,223
5830,157
5831,139
5832,282
5833,233
5834,283
5835,211
5836,232
5837,258
5838,237
5839,194
5840,246
5841,134
5842,251
5843,219
5844,250
5845,151
5846,159
5847,146
5848,255
5849,157
5850,143
5851,139
5852,190
5853,176
5854,228
5855,228
5856,229
5857,210
5858,260
5859,96
5860,293
5861,274
5862,241
5863,245
5864,279
5865,163
5866,270
5867,264
5868,206
5869,156
5870,226
5871,276
5872,214
5873,145
5874,227
5875,258
5876,262
5877,278
5878,227
5879,227
5880,226
5881,148
5882,149
5883,181
5884,203
5885,197
5886,217
5887,187
5888,199
5889,267
5890,280
5891,187
5892,211
5893,146
5894,245
5895,256
5896,287
5897,164
5898,231
5899,195
5900,197
5901,201
5902,185
5903,429
5904,220
5905,259
5906,239
5907,233
5908,215
5909,153
5910,179
5911,195
5912,231
5913,182
5914,236
5915,206
5916,221
5917,102
5918,155
5919,139
5920,271
5921,203
5922,173
5923,297
5924,241
5925,246
5926,209
5927,184
5928,292
5929,246
5930,263
5931,218
5932,213
5933,225
5934,309
5935,195
5936,324
5937,156
5938,218
5939,205
5940,235
5941,265
5942,255
5943,121
5944,166
5945,242
5946,224
5947,253
5948,223
5949,313
5950,249
5951,248
5952,208
5953,162
5954,187
5955,129
5956,181
5957,244
5958,224
5959,166
5960,310
5961,229
5962,144
5963,140
5964,186
5965,177
5966,278
5967,230
5968,158
5969,271
5970,247
5971,87
5972,307
5973,190
5974,180
5975,217
5976,208
5977,258
5978,162
5979,127
5980,201
5981,179
5982,229
5983,169
5984,161
5985,230
5986,117
5987,175
5988,320
5989,248
5990,172
5991,248
5992,150
5993,245
5994,122
5995,186
5996,137
5997,195
5998,170
5999,287
6000,186
6001,206
6002,263
6003,356
6004,247
6005,265
6006,201
6007,230
6008,148
6009,220
6010,181
6011,187
6012,262
6013,161
6014,210
6015,153
6016,200
6017,205
6018,201
6019,114
6020,209
6021,250
6022,206
6023,201
6024,174
6025,198
6026,212
6027,103
6028,205
6029,192
6030,125
6031,139
6032,109
6033,218
6034,120
6035,218
6036,252
6037,120
6038,166
6039,341
6040,141
6041,201
6042,240
6043,274
6044,225
6045,234
6046,161
6047,232
6048,213
6049,270
6050,221
6051,206
6052,143
6053,208
6054,196
6055,116
6056,193
6057,211
6058,147
6059,288
6060,137
6061,250
6062,105
6063,313
6064,207
6065,105
6066,258
6067,239
6068,197
6069,199
6070,144
6071,123
6072,127
6073,316
6074,190
6075,152
6076,173
6077,146
6078,284
6079,223
6080,273
6081,101
6082,225
6083,249
6084,166
6085,155
6086,167
6087,242
6088,199
6089,90
6090,206
6091,200
6092,240
6093,114
6094,137
6095,130
6096,232
6097,234
6098,188
6099,217
6100,241
6101,195
6102,167
6103,218
6104,273
6105,263
6106,345
6107,210
6108,167
6109,254
6110,121
6111,192
6112,212
6113,288
6114,206
6115,222
6116,170
6117,146
6118,235
6119,187
6120,169
6121,238
6122,191
6123,206
6124,122
6125,188
6126,207
6127,222
6128,175
6129,243
6130,287
6131,148
6132,239
6133,220
6134,248
6135,223
6136,186
6137,207
6138,202
6139,267
6140,236
6141,142
6142,121
6143,289
6144,332
6145,164
6146,217
6147,222
6148,211
6149,112
6150,220
6151,187
6152,218
6153,313
6154,239
6155,285
6156,174
6157,137
6158,180
6159,145
6160,117
6161,194
6162,189
6163,266
6164,211
6165,199
6166,229
6167,194
6168,204
6169,171
6170,173
6171,178
6172,218
6173,237
6174,267
6175,184
6176,194
6177,234
6178,202
6179,174
6180,270
6181,248
6182,194
6183,214
6184,218
6185,237
6186,223
6187,209
6188,258
6189,237
6190,249
6191,223
6192,257
6193,148
6194,214
6195,163
6196,190
6197,147
6198,185
6199,219
6200,198
6201,283
6202,172
6203,164
6204,186
6205,199
6206,136
6207,215
6208,270
6209,134
6210,194
6211,253
6212,265
6213,171
6214,96
6215,170
6216,239
6217,137
6218,184
6219,121
6220,154
6221,155
6222,108
6223,194
6224,73
6225,195
6226,156
6227,220
6228,250
6229,243
6230,148
6231,160
6232,145
6233,204
6234,164
6235,200
6236,222
6237,251
6238,235
6239,164
6240,148
6241,123
6242,258
6243,213
6244,184
6245,149
6246,217
6247,101
6248,212
6249,217
6250,107
6251,148
6252,214
6253,92
6254,232
6255,171
6256,255
6257,183
6258,225
6259,180
6260,180
6261,258
6262,249
6263,173
6264,266
6265,128
6266,208
6267,231
6268,212
6269,175
6270,201
6271,128
6272,154
6273,266
6274,216
6275,136
6276,189
6277,256
6278,214
6279,188
6280,237
6281,167
6282,191
6283,192
6284,228
6285,181
6286,216
6287,155
6288,236
6289,180
6290,115
6291,198
6292,215
6293,175
6294,214
6295,174
6296,191
6297,199
6298,193
6299,266
6300,198
6301,166
6302,202
6303,187
6304,209
6305,199
6306,210
6307,252
6308,151
6309,222
6310,176
6311,270
6312,123
6313,232
6314,240
6315,141
6316,121
6317,158
6318,245
6319,251
6320,144
6321,216
6322,267
6323,336
6324,185
6325,261
6326,212
6327,223
6328,203
6329,214
6330,260
6331,167
6332,140
6333,258
6334,332
6335,234
6336,245
6337,149
6338,201
6339,229
6340,207
6341,172
6342,211
6343,250
6344,179
6345,276
6346,138
6347,231
6348,237
6349,149
6350,213
6351,163
6352,211
6353,229
6354,163
6355,190
6356,170
6357,162
6358,192
6359,181
6360,178
6361,263
6362,133
6363,120
6364,242
6365,189
6366,191
6367,71
6368,309
6369,254
6370,205
6371,228
6372,161
6373,200
6374,320
6375,235
6376,171
6377,206
6378,159
6379,129
6380,195
6381,247
6382,221
6383,231
6384,127
6385,232
6386,179
6387,162
6388,159
6389,219
6390,251
6391,138
6392,148
6393,137
6394,203
6395,234
6396,235
6397,218
6398,112
6399,190
6400,123
6401,141
6402,172
6403,115
6404,231
6405,195
6406,211
6407,216
6408,160
6409,186
6410,109
6411,237
6412,190
6413,225
6414,132
6415,209
6416,199
6417,271
6418,172
6419,167
6420,135
6421,124
6422,240
6423,219
6424,190
6425,228
6426,132
6427,280
6428,164
6429,179
6430,296
6431,140
6432,127
6433,190
6434,143
6435,151
6436,206
6437,131
6438,201
6439,189
6440,263
6441,90
6442,247
6443,210
6444,173
6445,164
6446,152
6447,205
6448,228
6449,107
6450,165
6451,206
6452,99
6453,196
6454,282
6455,279
6456,200
6457,193
6458,228
6459,179
6460,189
6461,156
6462,261
6463,61
6464,162
6465,171
6466,143
6467,190
6468,101
6469,136
6470,167
6471,171
6472,258
6473,137
6474,243
6475,192
6476,192
6477,201
6478,203
6479,188
6480,189
6481,237
6482,94
6483,218
6484,261
6485,160
6486,239
6487,110
6488,245
6489,234
6490,242
6491,178
6492,198
6493,170
6494,166
6495,245
6496,268
6497,169
6498,217
6499,112
6500,166
6501,208
6502,266
6503,157
6504,186
6505,183
6506,158
6507,230
6508,207
6509,197
6510,240
6511,111
6512,249
6513,178
6514,223
6515,193
6516,199
6517,219
6518,164
6519,144
6520,181
6521,270
6522,140
6523,170
6524,130
6525,185
6526,164
6527,159
6528,142
6529,174
6530,262
6531,184
6532,150
6533,190
6534,259
6535,211
6536,212
6537,124
6538,186
6539,278
6540,185
6541,160
6542,170
6543,64
6544,176
6545,133
6546,259
6547,154
6548,105
6549,193
6550,206
6551,247
6552,224
6553,211
6554,220
6555,158
6556,226
6557,197
6558,233
6559,145
6560,119
6561,254
6562,137
6563,164
6564,155
6565,178
6566,242
6567,91
6568,209
6569,186
6570,70
6571,189
6572,89
6573,82
6574,119
6575,169
6576,153
6577,191
6578,260
6579,227
6580,267
6581,222
6582,185
6583,111
6584,85
6585,245
6586,85
6587,159
6588,259
6589,197
6590,243
6591,150
6592,154
6593,189
6594,161
6595,186
6596,222
6597,171
6598,124
6599,115
6600,218
6601,226
6602,215
6603,105
6604,210
6605,84
6606,218
6607,219
6608,167
6609,138
6610,276
6611,217
6612,202
6613,104
6614,184
6615,241
6616,228
6617,140
6618,162
6619,161
6620,183
6621,233
6622,144
6623,199
6624,183
6625,181
6626,100
6627,191
6628,176
6629,207
6630,152
6631,166
6632,248
6633,318
6634,165
6635,150
6636,211
6637,130
6638,191
6639,119
6640,222
6641,231
6642,173
6643,138
6644,199
6645,195
6646,103
6647,160
6648,208
6649,142
6650,208
6651,127
6652,186
6653,190
6654,194
6655,120
6656,215
6657,183
6658,249
6659,194
6660,200
6661,212
6662,266
6663,95
6664,215
6665,290
6666,193
6667,235
6668,208
6669,188
6670,206
6671,176
6672,168
6673,149
6674,145
6675,216
6676,108
6677,119
6678,225
6679,202
6680,120
6681,170
6682,222
6683,241
6684,230
6685,154
6686,259
6687,136
6688,196
6689,164
6690,219
6691,204
6692,296
6693,168
6694,165
6695,226
6696,234
6697,217
6698,203
6699,192
6700,213
6701,301
6702,249
6703,139
6704,125
6705,186
6706,176
6707,210
6708,137
6709,183
6710,132
6711,182
6712,114
6713,150
6714,147
6715,185
6716,241
6717,132
6718,79
6719,247
6720,208
6721,222
6722,189
6723,157
6724,226
6725,218
6726,250
6727,174
6728,230
6729,292
6730,98
6731,215
6732,216
6733,255
6734,157
6735,143
6736,245
6737,196
6738,186
6739,255
6740,113
6741,179
6742,183
6743,237
6744,208
6745,258
6746,165
6747,163
6748,168
6749,140
6750,167
6751,296
6752,193
6753,182
6754,230
6755,162
6756,193
6757,184
6758,194
6759,181
6760,216
6761,243
6762,253
6763,253
6764,115
6765,197
6766,200
6767,193
6768,296
6769,164
6770,154
6771,122
6772,133
6773,187
6774,200
6775,182
6776,115
6777,205
6778,261
6779,205
6780,217
6781,115
6782,87
6783,227
6784,142
6785,128
6786,106
6787,211
6788,240
6789,206
6790,150
6791,170
6792,200
6793,221
6794,131
6795,199
6796,188
6797,209
6798,176
6799,207
6800,135
6801,164
6802,161
6803,214
6804,153
6805,205
6806,253
6807,286
6808,175
6809,139
6810,183
6811,219
6812,227
6813,155
6814,187
6815,200
6816,215
6817,166
6818,221
6819,60
6820,146
6821,146
6822,190
6823,212
6824,101
6825,151
6826,251
6827,185
6828,265
6829,203
6830,263
6831,187
6832,68
6833,276
6834,215
6835,209
6836,169
6837,205
6838,196
6839,90
6840,141
6841,196
6842,197
6843,138
6844,139
6845,215
6846,147
6847,145
6848,163
6849,188
6850,304
6851,214
6852,161
6853,165
6854,202
6855,169
6856,95
6857,142
6858,255
6859,130
6860,263
6861,204
6862,124
6863,240
6864,218
6865,154
6866,186
6867,131
6868,110
6869,238
6870,233
6871,207
6872,150
6873,268
6874,173
6875,128
6876,210
6877,179
6878,202
6879,136
6880,178
6881,116
6882,127
6883,181
6884,83
6885,161
6886,108
6887,195
6888,185
6889,148
6890,122
6891,183
6892,167
6893,105
6894,145
6895,154
6896,172
6897,99
6898,143
6899,151
6900,152
6901,225
6902,175
6903,197
6904,133
6905,176
6906,206
6907,145
6908,223
6909,209
6910,261
6911,136
6912,196
6913,122
6914,233
6915,168
6916,185
6917,202
6918,191
6919,189
6920,214
6921,154
6922,104
6923,251
6924,234
6925,134
6926,137
6927,161
6928,141
6929,127
6930,154
6931,174
6932,260
6933,195
6934,210
6935,227
6936,214
6937,116
6938,222
6939,74
6940,122
6941,174
6942,217
6943,109
6944,222
6945,114
6946,257
6947,217
6948,98
6949,110
6950,199
6951,219
6952,173
6953,67
6954,218
6955,155
6956,192
6957,92
6958,226
6959,269
6960,208
6961,136
6962,135
6963,153
6964,151
6965,104
6966,124
6967,250
6968,179
6969,110
6970,196
6971,124
6972,194
6973,235
6974,185
6975,195
6976,108
6977,114
6978,120
6979,150
6980,266
6981,199
6982,202
6983,193
6984,101
6985,208
6986,101
6987,201
6988,130
6989,117
6990,214
6991,57
6992,117
6993,103
6994,224
6995,143
6996,193
6997,124
6998,244
6999,209
7000,76
7001,174
7002,190
7003,198
7004,120
7005,238
7006,215
7007,216
7008,153
7009,97
7010,188
7011,250
7012,203
7013,187
7014,205
7015,214
7016,194
7017,171
7018,124
7019,132
7020,218
7021,211
7022,160
7023,145
7024,66
7025,105
7026,197
7027,199
7028,131
7029,174
7030,180
7031,142
7032,132
7033,136
7034,149
7035,148
7036,136
7037,148
7038,182
7039,130
7040,184
7041,244
7042,241
7043,152
7044,230
7045,124
7046,123
7047,256
7048,188
7049,193
7050,141
7051,135
7052,215
7053,247
7054,179
7055,225
7056,184
7057,136
7058,125
7059,188
7060,110
7061,168
7062,132
7063,116
7064,153
7065,189
7066,223
7067,98
7068,121
7069,119
7070,145
7071,89
7072,102
7073,174
7074,249
7075,174
7076,128
7077,184
7078,192
7079,242
7080,235
7081,212
7082,206
7083,184
7084,153
7085,174
7086,242
7087,174
7088,222
7089,189
7090,179
7091,126
7092,219
7093,256
7094,131
7095,196
7096,194
7097,143
7098,180
7099,156
7100,202
7101,176
7102,177
7103,220
7104,130
7105,206
7106,212
7107,173
7108,188
7109,149
7110,136
7111,138
7112,221
7113,208
7114,134
7115,172
7116,179
7117,110
7118,228
7119,210
7120,153
7121,161
7122,228
7123,227
7124,174
7125,165
7126,159
7127,189
7128,160
7129,117
7130,81
7131,133
7132,233
7133,213
7134,121
7135,183
7136,181
7137,141
7138,201
7139,193
7140,164
7141,188
7142,132
7143,156
7144,90
7145,169
7146,80
7147,130
7148,135
7149,209
7150,245
7151,189
7152,183
7153,104
7154,159
7155,198
7156,170
7157,161
7158,238
7159,185
7160,220
7161,128
7162,211
7163,222
7164,196
7165,102
7166,169
7167,180
7168,174
7169,192
7170,223
7171,151
7172,142
7173,136
7174,93
7175,200
7176,155
7177,170
7178,218
7179,153
7180,194
7181,106
7182,107
7183,139
7184,184
7185,177
7186,191
7187,188
7188,106
7189,89
7190,147
7191,63
7192,155
7193,177
7194,112
7195,197
7196,113
7197,173
7198,118
7199,161
7200,61
7201,122
7202,195
7203,236
7204,221
7205,157
7206,118
7207,145
7208,234
7209,165
7210,212
7211,237
7212,247
7213,211
7214,252
7215,196
7216,139
7217,146
7218,172
7219,185
7220,110
7221,114
7222,179
7223,221
7224,184
7225,193
7226,227
7227,177
7228,210
7229,140
7230,194
7231,210
7232,186
7233,160
7234,210
7235,101
7236,197
7237,136
7238,210
7239,171
7240,142
7241,207
7242,115
7243,209
7244,226
7245,153
7246,161
7247,168
7248,167
7249,105
7250,234
7251,168
7252,132
7253,217
7254,217
7255,166
7256,115
7257,144
7258,187
7259,144
7260,270
7261,187
7262,187
7263,188
7264,113
7265,186
7266,239
7267,215
7268,229
7269,101
7270,132
7271,181
7272,185
7273,158
7274,212
7275,149
7276,97
7277,185
7278,135
7279,122
7280,201
7281,156
7282,220
7283,174
7284,141
7285,230
7286,166
7287,129
7288,197
7289,206
7290,225
7291,110
7292,185
7293,166
7294,165
7295,237
7296,211
7297,140
7298,232
7299,140
7300,153
7301,160
7302,137
7303,172
7304,175
7305,156
7306,143
7307,131
7308,218
7309,245
7310,187
7311,182
7312,124
7313,169
7314,117
7315,94
7316,222
7317,98
7318,142
7319,197
7320,194
7321,225
7322,153
7323,234
7324,144
7325,160
7326,143
7327,119
7328,242
7329,155
7330,240
7331,165
7332,120
7333,177
7334,97
7335,217
7336,176
7337,77
7338,199
7339,149
7340,190
7341,120
7342,150
7343,233
7344,222
7345,207
7346,180
7347,194
7348,223
7349,203
7350,201
7351,161
7352,182
7353,262
7354,208
7355,135
7356,143
7357,183
7358,155
7359,173
7360,127
7361,123
7362,98
7363,137
7364,128
7365,148
7366,164
7367,212
7368,126
7369,125
7370,276
7371,196
7372,186
7373,151
7374,138
7375,142
7376,133
7377,177
7378,149
7379,200
7380,124
7381,139
7382,237
7383,234
7384,187
7385,108
7386,160
7387,157
7388,96
7389,127
7390,190
7391,175
7392,155
7393,154
7394,180
7395,195
7396,211
7397,154
7398,112
7399,135
7400,138
7401,196
7402,105
7403,130
7404,106
7405,105
7406,122
7407,146
7408,215
7409,201
7410,161
7411,177
7412,73
7413,166
7414,204
7415,176
7416,212
7417,146
7418,177
7419,102
7420,104
7421,144
7422,169
7423,193
7424,149
7425,156
7426,222
7427,163
7428,172
7429,240
7430,167
7431,159
7432,125
7433,153
7434,208
7435,187
7436,133
7437,114
7438,138
7439,140
7440,138
7441,209
7442,150
7443,138
7444,127
7445,199
7446,168
7447,157
7448,195
7449,136
7450,166
7451,128
7452,159
7453,140
7454,217
7455,178
7456,156
7457,94
7458,231
7459,185
7460,198
7461,144
7462,127
7463,237
7464,188
7465,128
7466,213
7467,132
7468,172
7469,154
7470,169
7471,224
7472,142
7473,100
7474,185
7475,120
7476,165
7477,125
7478,167
7479,228
7480,125
7481,242
7482,193
7483,115
7484,114
7485,119
7486,203
7487,157
7488,90
7489,135
7490,263
7491,158
7492,127
7493,184
7494,97
7495,151
7496,209
7497,153
7498,179
7499,113
7500,174
7501,149
7502,123
7503,199
7504,219
7505,254
7506,223
7507,115
7508,175
7509,165
7510,195
7511,144
7512,233
7513,260
7514,163
7515,81
7516,147
7517,156
7518,129
7519,219
7520,169
7521,149
7522,169
7523,141
7524,142
7525,178
7526,115
7527,146
7528,156
7529,145
7530,98
7531,119
7532,180
7533,130
7534,145
7535,171
7536,133
7537,100
7538,184
7539,157
7540,107
7541,158
7542,133
7543,126
7544,177
7545,142
7546,145
7547,85
7548,85
7549,242
7550,97
7551,175
7552,124
7553,124
7554,149
7555,167
7556,180
7557,149
7558,234
7559,117
7560,147
7561,178
7562,176
7563,249
7564,179
7565,79
7566,166
7567,108
7568,186
7569,131
7570,150
7571,145
7572,179
7573,232
7574,232
7575,171
7576,203
7577,96
7578,185
7579,187
7580,88
7581,86
7582,155
7583,183
7584,164
7585,144
7586,242
7587,99
7588,111
7589,186
7590,106
7591,158
7592,148
7593,139
7594,114
7595,131
7596,197
7597,180
7598,232
7599,189
7600,225
7601,173
7602,123
7603,157
7604,135
7605,194
7606,113
7607,198
7608,133
7609,160
7610,156
7611,252
7612,135
7613,151
7614,124
7615,153
7616,155
7617,156
7618,172
7619,207
7620,280
7621,176
7622,159
7623,121
7624,157
7625,174
7626,122
7627,147
7628,100
7629,88
7630,132
7631,206
7632,168
7633,236
7634,222
7635,223
7636,60
7637,104
7638,166
7639,101
7640,190
7641,211
7642,171
7643,128
7644,208
7645,200
7646,228
7647,166
7648,166
7649,142
7650,120
7651,153
7652,184
7653,130
7654,115
7655,214
7656,123
7657,139
7658,102
7659,145
7660,207
7661,79
7662,199
7663,105
7664,224
7665,132
7666,127
7667,177
7668,180
7669,152
7670,134
7671,138
7672,141
7673,184
7674,188
7675,175
7676,140
7677,69
7678,178
7679,206
7680,125
7681,205
7682,161
7683,150
7684,107
7685,90
7686,123
7687,137
7688,110
7689,138
7690,186
7691,171
7692,171
7693,80
7694,155
7695,138
7696,247
7697,166
7698,146
7699,155
7700,150
7701,68
7702,174
7703,139
7704,212
7705,134
7706,182
7707,148
7708,181
7709,100
7710,230
7711,128
7712,93
7713,127
7714,202
7715,122
7716,207
7717,239
7718,144
7719,166
7720,175
7721,155
7722,171
7723,146
7724,123
7725,153
7726,101
7727,118
7728,207
7729,171
7730,122
7731,176
7732,125
7733,209
7734,196
7735,157
7736,141
7737,212
7738,162
7739,136
7740,75
7741,167
7742,205
7743,188
7744,97
7745,176
7746,75
7747,178
7748,197
7749,162
7750,153
7751,147
7752,129
7753,135
7754,89
7755,176
7756,126
7757,114
7758,132
7759,225
7760,141
7761,140
7762,139
7763,97
7764,141
7765,146
7766,152
7767,162
7768,90
7769,144
7770,123
7771,149
7772,100
7773,117
7774,126
7775,193
7776,149
7777,162
7778,141
7779,110
7780,205
7781,171
7782,145
7783,164
7784,153
7785,143
7786,177
7787,194
7788,141
7789,198
7790,108
7791,150
7792,125
7793,142
7794,172
7795,142
7796,135
7797,211
7798,129
7799,115
7800,124
7801,132
7802,171
7803,8
7804,166
7805,153
7806,164
7807,131
7808,178
7809,171
7810,155
7811,188
7812,157
7813,172
7814,175
7815,147
7816,191
7817,180
7818,174
7819,120
7820,220
7821,138
7822,202
7823,108
7824,173
7825,161
7826,161
7827,136
7828,166
7829,233
7830,167
7831,111
7832,195
7833,154
7834,184
7835,105
7836,219
7837,66
7838,167
7839,129
7840,180
7841,153
7842,137
7843,154
7844,73
7845,101
7846,132
7847,181
7848,140
7849,91
7850,161
7851,146
7852,77
7853,153
7854,172
7855,156
7856,132
7857,157
7858,204
7859,138
7860,135
7861,104
7862,116
7863,106
7864,143
7865,124
7866,98
7867,149
7868,168
7869,115
7870,171
7871,155
7872,157
7873,93
7874,159
7875,139
7876,86
7877,149
7878,160
7879,112
7880,220
7881,65
7882,99
7883,190
7884,136
7885,135
7886,134
7887,240
7888,153
7889,143
7890,147
7891,197
7892,176
7893,140
7894,118
7895,249
7896,164
7897,130
7898,152
7899,211
7900,155
7901,184
7902,100
7903,121
7904,186
7905,149
7906,214
7907,164
7908,110
7909,177
7910,103
7911,228
7912,133
7913,96
7914,173
7915,122
7916,129
7917,174
7918,157
7919,176
7920,90
7921,120
7922,103
7923,163
7924,161
7925,173
7926,130
7927,208
7928,179
7929,98
7930,88
7931,162
7932,130
7933,141
7934,197
7935,145
7936,139
7937,125
7938,203
7939,143
7940,209
7941,143
7942,80
7943,164
7944,163
7945,139
7946,166
7947,88
7948,114
7949,103
7950,149
7951,258
7952,141
7953,117
7954,89
7955,100
7956,166
7957,151
7958,130
7959,137
7960,176
7961,162
7962,86
7963,94
7964,97
7965,78
7966,162
7967,101
7968,203
7969,157
7970,151
7971,182
7972,146
7973,188
7974,132
7975,126
7976,226
7977,106
7978,136
7979,133
7980,154
7981,245
7982,139
7983,165
7984,142
7985,82
7986,166
7987,143
7988,136
7989,127
7990,156
7991,188
7992,125
7993,187
7994,121
7995,163
7996,237
7997,203
7998,105
7999,141
8000,120
8001,142
8002,131
8003,100
8004,120
8005,186
8006,109
8007,169
8008,223
8009,185
8010,141
8011,154
8012,154
8013,100
8014,111
8015,125
8016,192
8017,139
8018,183
8019,165
8020,93
8021,102
8022,81
8023,133
8024,135
8025,94
8026,174
8027,88
8028,95
8029,163
8030,184
8031,160
8032,117
8033,101
8034,81
8035,182
8036,162
8037,195
8038,228
8039,198
8040,190
8041,137
8042,162
8043,165
8044,129
8045,152
8046,104
8047,152
8048,102
8049,191
8050,189
8051,170
8052,61
8053,185
8054,147
8055,198
8056,127
8057,104
8058,214
8059,117
8060,110
8061,129
8062,158
8063,77
8064,111
8065,165
8066,164
8067,195
8068,198
8069,82
8070,165
8071,152
8072,101
8073,161
8074,216
8075,192
8076,117
8077,152
8078,149
8079,130
8080,183
8081,147
8082,158
8083,117
8084,102
8085,259
8086,146
8087,177
8088,105
8089,147
8090,191
8091,190
8092,132
8093,267
8094,200
8095,88
8096,149
8097,170
8098,139
8099,245
8100,101
8101,109
8102,108
8103,146
8104,121
8105,123
8106,135
8107,159
8108,108
8109,183
8110,209
8111,211
8112,140
8113,90
8114,127
8115,133
8116,81
8117,163
8118,102
8119,107
8120,131
8121,150
8122,172
8123,105
8124,189
8125,131
8126,121
8127,143
8128,217
8129,80
8130,99
8131,157
8132,165
8133,190
8134,180
8135,130
8136,147
8137,147
8138,138
8139,115
8140,113
8141,146
8142,228
8143,203
8144,85
8145,118
8146,124
8147,57
8148,187
8149,184
8150,149
8151,133
8152,148
8153,143
8154,158
8155,167
8156,188
8157,146
8158,139
8159,111
8160,113
8161,188
8162,161
8163,149
8164,165
8165,171
8166,168
8167,124
8168,162
8169,153
8170,69
8171,172
8172,125
8173,167
8174,77
8175,149
8176,93
8177,110
8178,66
8179,99
8180,154
8181,45
8182,76
8183,92
8184,155
8185,200
8186,170
8187,123
8188,166
8189,194
8190,128
8191,75
8192,188
8193,166
8194,127
8195,153
8196,174
8197,160
8198,161
8199,148
8200,91
8201,122
8202,90
8203,151
8204,122
8205,107
8206,168
8207,145
8208,175
8209,126
8210,170
8211,196
8212,123
8213,165
8214,165
8215,184
8216,195
8217,122
8218,151
8219,157
8220,85
8221,173
8222,153
8223,119
8224,137
8225,217
8226,125
8227,137
8228,136
8229,125
8230,197
8231,155
8232,107
8233,92
8234,97
8235,94
8236,176
8237,159
8238,86
8239,138
8240,153
8241,149
8242,65
8243,178
8244,163
8245,167
8246,116
8247,138
8248,94
8249,148
8250,182
8251,129
8252,157
8253,96
8254,166
8255,147
8256,220
8257,132
8258,161
8259,58
8260,189
8261,153
8262,169
8263,113
8264,161
8265,136
8266,118
8267,134
8268,151
8269,209
8270,127
8271,134
8272,122
8273,136
8274,136
8275,183
8276,161
8277,198
8278,93
8279,127
8280,132
8281,143
8282,159
8283,115
8284,128
8285,92
8286,120
8287,143
8288,136
8289,224
8290,119
8291,120
8292,88
8293,130
8294,179
8295,169
8296,105
8297,59
8298,112
8299,154
8300,141
8301,205
8302,123
8303,78
8304,114
8305,134
8306,186
8307,109
8308,113
8309,148
8310,96
8311,149
8312,136
8313,112
8314,135
8315,120
8316,176
8317,155
8318,137
8319,208
8320,159
8321,127
8322,140
8323,152
8324,180
8325,71
8326,149
8327,120
8328,104
8329,157
8330,125
8331,87
8332,227
8333,93
8334,144
8335,139
8336,88
8337,168
8338,97
8339,146
8340,151
8341,65
8342,108
8343,81
8344,112
8345,155
8346,145
8347,148
8348,221
8349,200
8350,200
8351,111
8352,142
8353,110
8354,124
8355,122
8356,109
8357,147
8358,149
8359,181
8360,230
8361,173
8362,134
8363,148
8364,176
8365,111
8366,210
8367,128
8368,54
8369,99
8370,177
8371,252
8372,61
8373,205
8374,97
8375,107
8376,102
8377,109
8378,157
8379,157
8380,100
8381,149
8382,139
8383,140
8384,163
8385,155
8386,166
8387,141
8388,182
8389,130
8390,93
8391,163
8392,130
8393,141
8394,104
8395,155
8396,183
8397,163
8398,166
8399,161
8400,93
8401,220
8402,164
8403,102
8404,187
8405,169
8406,126
8407,135
8408,136
8409,158
8410,101
8411,134
8412,156
8413,241
8414,142
8415,124
8416,135
8417,145
8418,159
8419,114
8420,142
8421,133
8422,177
8423,63
8424,168
8425,182
8426,115
8427,195
8428,249
8429,92
8430,161
8431,203
8432,184
8433,162
8434,136
8435,169
8436,186
8437,75
8438,150
8439,205
8440,165
8441,131
8442,146
8443,113
8444,212
8445,167
8446,189
8447,126
8448,223
8449,167
8450,154
8451,84
8452,157
8453,99
8454,120
8455,151
8456,141
8457,210
8458,130
8459,149
8460,149
8461,144
8462,144
8463,148
8464,140
8465,155
8466,100
8467,176
8468,176
8469,163
8470,146
8471,189
8472,127
8473,129
8474,185
8475,190
8476,162
8477,131
8478,186
8479,131
8480,112
8481,91
8482,132
8483,102
8484,208
8485,93
8486,184
8487,139
8488,175
8489,130
8490,104
8491,192
8492,154
8493,136
8494,178
8495,147
8496,148
8497,116
8498,87
8499,110
8500,171
8501,106
8502,161
8503,127
8504,160
8505,155
8506,150
8507,174
8508,150
8509,158
8510,149
8511,140
8512,189
8513,104
8514,170
8515,109
8516,162
8517,128
8518,200
8519,123
8520,96
8521,149
8522,67
8523,194
8524,127
8525,179
8526,139
8527,151
8528,108
8529,131
8530,133
8531,184
8532,110
8533,106
8534,114
8535,143
8536,131
8537,141
8538,91
8539,201
8540,112
8541,182
8542,220
8543,112
8544,103
8545,147
8546,114
8547,134
8548,77
8549,96
8550,144
8551,99
8552,108
8553,113
8554,125
8555,134
8556,136
8557,139
8558,234
8559,105
8560,121
8561,118
8562,105
8563,156
8564,122
8565,153
8566,147
8567,119
8568,175
8569,124
8570,130
8571,104
8572,106
8573,111
8574,83
8575,117
8576,131
8577,107
8578,220
8579,180
8580,103
8581,146
8582,158
8583,88
8584,133
8585,138
8586,130
8587,175
8588,143
8589,87
8590,136
8591,183
8592,155
8593,140
8594,220
8595,136
8596,142
8597,104
8598,123
8599,107
8600,143
8601,57
8602,165
8603,172
8604,78
8605,68
8606,123
8607,109
8608,201
8609,205
8610,123
8611,123
8612,125
8613,102
8614,117
8615,205
8616,64
8617,133
8618,125
8619,143
8620,217
8621,145
8622,105
8623,115
8624,174
8625,222
8626,208
8627,122
8628,132
8629,95
8630,210
8631,162
8632,152
8633,134
8634,65
8635,122
8636,103
8637,177
8638,148
8639,100
8640,135
8641,106
8642,165
8643,132
8644,167
8645,133
8646,106
8647,143
8648,107
8649,141
8650,106
8651,195
8652,165
8653,130
8654,213
8655,107
8656,162
8657,153
8658,170
8659,146
8660,150
8661,76
8662,145
8663,141
8664,188
8665,213
8666,118
8667,166
8668,145
8669,139
8670,110
8671,122
8672,146
8673,106
8674,161
8675,123
8676,164
8677,163
8678,136
8679,169
8680,101
8681,152
8682,139
8683,176
8684,65
8685,110
8686,118
8687,123
8688,129
8689,99
8690,123
8691,119
8692,156
8693,144
8694,220
8695,144
8696,174
8697,156
8698,138
8699,196
8700,147
8701,122
8702,136
8703,131
8704,120
8705,155
8706,188
8707,106
8708,135
8709,122
8710,142
8711,135
8712,70
8713,95
8714,78
8715,138
8716,156
8717,100
8718,75
8719,106
8720,117
8721,116
8722,187
8723,122
8724,145
8725,155
8726,178
8727,157
8728,141
8729,156
8730,169
8731,187
8732,87
8733,166
8734,128
8735,188
8736,90
8737,107
8738,90
8739,126
8740,162
8741,123
8742,135
8743,114
8744,127
8745,96
8746,205
8747,92
8748,120
8749,124
8750,164
8751,131
8752,102
8753,179
8754,81
8755,154
8756,174
8757,109
8758,143
8759,143
8760,149
8761,137
8762,147
8763,173
8764,159
8765,123
8766,167
8767,196
8768,149
8769,110
8770,105
8771,211
8772,135
8773,96
8774,166
8775,115
8776,148
8777,166
8778,111
8779,148
8780,108
8781,187
8782,119
8783,143
8784,119
8785,172
8786,130
8787,196
8788,116
8789,144
8790,155
8791,177
8792,125
8793,89
8794,76
8795,129
8796,135
8797,130
8798,125
8799,173
8800,143
8801,137
8802,172
8803,145
8804,94
8805,111
8806,122
8807,97
8808,172
8809,124
8810,145
8811,170
8812,64
8813,141
8814,162
8815,92
8816,176
8817,207
8818,123
8819,195
8820,150
8821,104
8822,170
8823,120
8824,200
8825,105
8826,163
8827,115
8828,121
8829,233
8830,156
8831,61
8832,133
8833,201
8834,152
8835,107
8836,97
8837,142
8838,167
8839,153
8840,127
8841,200
8842,121
8843,151
8844,130
8845,99
8846,118
8847,132
8848,108
8849,148
8850,139
8851,165
8852,165
8853,193
8854,94
8855,66
8856,138
8857,182
8858,103
8859,118
8860,181
8861,130
8862,120
8863,148
8864,138
8865,107
8866,103
8867,156
8868,173
8869,121
8870,196
8871,119
8872,136
8873,168
8874,160
8875,114
8876,144
8877,108
8878,143
8879,116
8880,140
8881,155
8882,74
8883,126
8884,139
8885,161
8886,116
8887,142
8888,130
8889,128
8890,134
8891,133
8892,88
8893,168
8894,145
8895,133
8896,183
8897,110
8898,160
8899,172
8900,162
8901,120
8902,100
8903,71
8904,133
8905,179
8906,254
8907,98
8908,133
8909,168
8910,147
8911,152
8912,109
8913,66
8914,147
8915,104
8916,165
8917,106
8918,172
8919,121
8920,106
8921,123
8922,157
8923,134
8924,144
8925,80
8926,105
8927,84
8928,110
8929,103
8930,133
8931,173
8932,88
8933,100
8934,109
8935,108
8936,125
8937,124
8938,112
8939,143
8940,89
8941,176
8942,107
8943,102
8944,189
8945,133
8946,75
8947,102
8948,63
8949,154
8950,111
8951,180
8952,171
8953,116
8954,93
8955,116
8956,110
8957,138
8958,127
8959,111
8960,152
8961,135
8962,102
8963,123
8964,59
8965,179
8966,149
8967,100
8968,131
8969,176
8970,133
8971,54
8972,166
8973,153
8974,129
8975,126
8976,170
8977,129
8978,176
8979,162
8980,103
8981,99
8982,178
8983,146
8984,121
8985,95
8986,188
8987,190
8988,149
8989,102
8990,131
8991,108
8992,101
8993,80
8994,143
8995,170
8996,125
8997,117
8998,145
8999,55
9000,149
9001,95
9002,102
9003,133
9004,114
9005,101
9006,177
9007,159
9008,112
9009,105
9010,136
9011,68
9012,132
9013,145
9014,81
9015,128
9016,89
9017,96
9018,125
9019,184
9020,117
9021,199
9022,171
9023,135
9024,126
9025,141
9026,185
9027,164
9028,83
9029,150
9030,76
9031,129
9032,63
9033,123
9034,138
9035,146
9036,128
9037,143
9038,120
9039,103
9040,109
9041,129
9042,159
9043,149
9044,168
9045,152
9046,147
9047,126
9048,95
9049,108
9050,94
9051,67
9052,162
9053,132
9054,180
9055,74
9056,125
9057,183
9058,139
9059,133
9060,82
9061,116
9062,148
9063,160
9064,134
9065,194
9066,123
9067,168
9068,161
9069,121
9070,176
9071,129
9072,153
9073,114
9074,142
9075,121
9076,112
9077,142
9078,116
9079,146
9080,66
9081,131
9082,116
9083,127
9084,153
9085,182
9086,115
9087,97
9088,104
9089,113
9090,86
9091,121
9092,121
9093,103
9094,97
9095,137
9096,135
9097,77
9098,122
9099,130
9100,114
9101,141
9102,122
9103,175
9104,139
9105,126
9106,108
9107,103
9108,87
9109,98
9110,111
9111,102
9112,182
9113,102
9114,107
9115,176
9116,181
9117,94
9118,98
9119,118
9120,133
9121,128
9122,156
9123,99
9124,123
9125,149
9126,101
9127,101
9128,160
9129,98
9130,106
9131,96
9132,129
9133,143
9134,107
9135,132
9136,119
9137,127
9138,117
9139,147
9140,157
9141,170
9142,122
9143,94
9144,145
9145,143
9146,106
9147,219
9148,122
9149,164
9150,119
9151,119
9152,173
9153,126
9154,148
9155,137
9156,146
9157,182
9158,159
9159,133
9160,130
9161,114
9162,115
9163,148
9164,198
9165,157
9166,189
9167,96
9168,101
9169,110
9170,147
9171,153
9172,140
9173,107
9174,82
9175,179
9176,118
9177,135
9178,126
9179,102
9180,167
9181,85
9182,77
9183,100
9184,179
9185,137
9186,147
9187,109
9188,147
9189,130
9190,102
9191,110
9192,171
9193,117
9194,155
9195,169
9196,113
9197,98
9198,199
9199,147
9200,143
9201,145
9202,85
9203,93
9204,106
9205,134
9206,137
9207,119
9208,91
9209,72
9210,138
9211,101
9212,108
9213,166
9214,87
9215,150
9216,162
9217,155
9218,116
9219,83
9220,119
9221,93
9222,100
9223,89
9224,83
9225,146
9226,132
9227,119
9228,65
9229,101
9230,208
9231,119
9232,149
9233,138
9234,202
9235,161
9236,109
9237,126
9238,88
9239,164
9240,140
9241,131
9242,153
9243,88
9244,110
9245,133
9246,119
9247,140
9248,60
9249,52
9250,103
9251,104
9252,125
9253,204
9254,122
9255,167
9256,126
9257,151
9258,148
9259,171
9260,48
9261,131
9262,78
9263,119
9264,133
9265,96
9266,141
9267,197
9268,150
9269,115
9270,147
9271,76
9272,140
9273,130
9274,106
9275,81
9276,133
9277,126
9278,84
9279,124
9280,111
9281,151
9282,139
9283,76
9284,97
9285,132
9286,94
9287,126
9288,158
9289,102
9290,156
9291,118
9292,68
9293,107
9294,107
9295,149
9296,112
9297,107
9298,127
9299,149
9300,119
9301,77
9302,139
9303,109
9304,121
9305,147
9306,110
9307,53
9308,175
9309,166
9310,107
9311,119
9312,115
9313,131
9314,121
9315,36
9316,104
9317,148
9318,104
9319,113
9320,80
9321,95
9322,94
9323,114
9324,118
9325,112
9326,102
9327,131
9328,87
9329,85
9330,146
9331,140
9332,111
9333,159
9334,114
9335,78
9336,102
9337,88
9338,105
9339,102
9340,114
9341,124
9342,128
9343,151
9344,105
9345,11
9346,141
9347,63
9348,130
9349,143
9350,90
9351,136
9352,123
9353,72
9354,78
9355,129
9356,88
9357,121
9358,100
9359,109
9360,217
9361,138
9362,158
9363,182
9364,105
9365,104
9366,138
9367,99
9368,141
9369,112
9370,162
9371,171
9372,163
9373,161
9374,60
9375,82
9376,175
9377,87
9378,94
9379,100
9380,91
9381,98
9382,149
9383,154
9384,123
9385,82
9386,154
9387,112
9388,196
9389,114
9390,107
9391,136
9392,139
9393,146
9394,127
9395,118
9396,126
9397,125
9398,123
9399,104
9400,175
9401,69
9402,126
9403,131
9404,116
9405,98
9406,161
9407,168
9408,161
9409,187
9410,161
9411,110
9412,107
9413,81
9414,129
9415,109
9416,73
9417,130
9418,68
9419,102
9420,101
9421,119
9422,115
9423,107
9424,155
9425,121
9426,86
9427,121
9428,169
9429,114
9430,101
9431,110
9432,98
9433,169
9434,137
9435,94
9436,100
9437,138
9438,111
9439,93
9440,151
9441,90
9442,100
9443,102
9444,106
9445,93
9446,70
9447,141
9448,157
9449,108
9450,160
9451,119
9452,121
9453,138
9454,146
9455,155
9456,113
9457,122
9458,85
9459,92
9460,79
9461,110
9462,171
9463,148
9464,134
9465,90
9466,140
9467,113
9468,171
9469,165
9470,104
9471,160
9472,128
9473,108
9474,80
9475,90
9476,149
9477,114
9478,170
9479,48
9480,135
9481,167
9482,131
9483,112
9484,122
9485,140
9486,24
9487,73
9488,135
9489,84
9490,138
9491,123
9492,102
9493,152
9494,164
9495,105
9496,159
9497,96
9498,111
9499,117
9500,121
9501,133
9502,93
9503,156
9504,144
9505,89
9506,173
9507,98
9508,146
9509,124
9510,111
9511,151
9512,114
9513,164
9514,153
9515,120
9516,143
9517,98
9518,75
9519,147
9520,112
9521,93
9522,97
9523,120
9524,109
9525,141
9526,107
9527,135
9528,128
9529,59
9530,83
9531,72
9532,141
9533,140
9534,57
9535,113
9536,113
9537,86
9538,160
9539,126
9540,96
9541,103
9542,157
9543,145
9544,95
9545,180
9546,159
9547,98
9548,61
9549,133
9550,139
9551,92
9552,160
9553,41
9554,144
9555,104
9556,139
9557,203
9558,116
9559,176
9560,101
9561,109
9562,132
9563,74
9564,120
9565,123
9566,147
9567,108
9568,89
9569,112
9570,85
9571,99
9572,138
9573,73
9574,129
9575,107
9576,76
9577,158
9578,93
9579,151
9580,71
9581,106
9582,133
9583,129
9584,128
9585,116
9586,120
9587,111
9588,173
9589,111
9590,86
9591,128
9592,147
9593,140
9594,123
9595,106
9596,95
9597,105
9598,85
9599,139
9600,169
9601,89
9602,119
9603,89
9604,101
9605,190
9606,105
9607,117
9608,190
9609,138
9610,113
9611,113
9612,115
9613,125
9614,121
9615,128
9616,104
9617,92
9618,109
9619,132
9620,114
9621,155
9622,153
9623,195
9624,87
9625,117
9626,145
9627,119
9628,149
9629,112
9630,146
9631,132
9632,124
9633,107
9634,131
9635,132
9636,142
9637,125
9638,119
9639,174
9640,120
9641,129
9642,122
9643,176
9644,106
9645,150
9646,74
9647,167
9648,108
9649,97
9650,158
9651,125
9652,145
9653,124
9654,110
9655,148
9656,110
9657,164
9658,113
9659,103
9660,108
9661,164
9662,127
9663,183
9664,112
9665,86
9666,102
9667,109
9668,152
9669,97
9670,79
9671,120
9672,129
9673,118
9674,71
9675,155
9676,195
9677,126
9678,132
9679,123
9680,101
9681,166
9682,112
9683,105
9684,143
9685,152
9686,117
9687,117
9688,116
9689,190
9690,85
9691,140
9692,113
9693,113
9694,103
9695,113
9696,116
9697,94
9698,129
9699,155
9700,96
9701,97
9702,128
9703,77
9704,116
9705,50
9706,113
9707,121
9708,109
9709,73
9710,94
9711,168
9712,112
9713,126
9714,125
9715,154
9716,103
9717,99
9718,108
9719,163
9720,90
9721,91
9722,163
9723,181
9724,70
9725,148
9726,105
9727,121
9728,93
9729,79
9730,108
9731,155
9732,73
9733,117
9734,90
9735,90
9736,136
9737,124
9738,86
9739,90
9740,123
9741,140
9742,92
9743,147
9744,167
9745,87
9746,146
9747,200
9748,168
9749,145
9750,142
9751,106
9752,140
9753,116
9754,127
9755,85
9756,115
9757,92
9758,138
9759,114
9760,68
9761,210
9762,61
9763,120
9764,127
9765,73
9766,117
9767,149
9768,115
9769,54
9770,92
9771,121
9772,161
9773,169
9774,102
9775,109
9776,142
9777,124
9778,128
9779,66
9780,100
9781,77
9782,91
9783,93
9784,161
9785,92
9786,112
9787,137
9788,92
9789,153
9790,113
9791,153
9792,136
9793,142
9794,150
9795,94
9796,194
9797,102
9798,94
9799,121
9800,110
9801,99
9802,73
9803,146
9804,93
9805,127
9806,73
9807,121
9808,108
9809,117
9810,128
9811,99
9812,122
9813,77
9814,133
9815,69
9816,86
9817,115
9818,114
9819,142
9820,127
9821,78
9822,148
9823,173
9824,92
9825,129
9826,89
9827,105
9828,148
9829,81
9830,163
9831,87
9832,95
9833,108
9834,164
9835,123
9836,84
9837,124
9838,81
9839,125
9840,99
9841,141
9842,102
9843,128
9844,99
9845,102
9846,95
9847,109
9848,131
9849,146
9850,81
9851,112
9852,153
9853,106
9854,158
9855,135
9856,103
9857,123
9858,68
9859,125
9860,158
9861,136
9862,136
9863,150
9864,107
9865,89
9866,143
9867,97
9868,129
9869,144
9870,107
9871,117
9872,105
9873,86
9874,147
9875,74
9876,128
9877,155
9878,89
9879,120
9880,113
9881,100
9882,147
9883,128
9884,67
9885,121
9886,90
9887,115
9888,89
9889,109
9890,159
9891,67
9892,203
9893,83
9894,136
9895,70
9896,153
9897,103
9898,107
9899,111
9900,107
9901,155
9902,109
9903,63
9904,53
9905,116
9906,92
9907,159
9908,89
9909,97
9910,135
9911,147
9912,100
9913,88
9914,108
9915,92
9916,137
9917,121
9918,52
9919,112
9920,122
9921,154
9922,161
9923,206
9924,159
9925,137
9926,127
9927,139
9928,148
9929,103
9930,142
9931,86
9932,79
9933,120
9934,76
9935,163
9936,116
9937,140
9938,168
9939,88
9940,93
9941,72
9942,88
9943,104
9944,88
9945,119
9946,109
9947,112
9948,99
9949,106
9950,109
9951,121
9952,81
9953,105
9954,107
9955,118
9956,105
9957,110
9958,74
9959,137
9960,144
9961,138
9962,98
9963,147
9964,164
9965,130
9966,145
9967,108
9968,87
9969,81
9970,103
9971,68
9972,166
9973,106
9974,171
9975,112
9976,141
9977,173
9978,107
9979,87
9980,59
9981,159
9982,125
9983,67
9984,112
9985,109
9986,65
9987,108
9988,100
9989,89
9990,176
9991,122
9992,112
9993,92
9994,135
9995,202
9996,141
9997,93
9998,102
9999,130
10000,111
